# container: cpu_percent = % de 1 core, ram_mb = cgroup. host: host_cpu_percent = % total, host_ram_mb = /proc/meminfo
# host specs: 8 CPUs, 19.3GB RAM | container limit: 4.0 CPUs, 16.0GB RAM
timestamp,epoch,cpu_percent,ram_mb,host_cpu_percent,host_ram_mb
2026-06-22T04:36:57.572943,0,168.23,128.3,0.0,1952.1
2026-06-22T04:36:58.574286,0,169.84,211.1,25.3,2029.8
2026-06-22T04:36:59.575615,0,0.55,211.8,1.8,2031.2
2026-06-22T04:37:00.576938,0,0.43,211.9,1.0,2038.6
2026-06-22T04:37:01.578253,0,1.46,212.7,1.1,2034.1
2026-06-22T04:37:02.579639,0,6.33,217.8,2.4,2012.2
2026-06-22T04:37:03.580001,0,24.53,225.0,5.3,2011.1
2026-06-22T04:37:04.581356,0,3.7,227.9,2.8,2014.4
2026-06-22T04:37:05.582712,0,0.34,228.2,0.0,2014.7
2026-06-22T04:37:06.584082,0,1.69,230.5,0.4,2013.3
2026-06-22T04:37:07.585455,0,0.87,231.3,0.7,2013.2
2026-06-22T04:37:08.586758,0,1.09,231.8,0.4,2013.2
2026-06-22T04:37:09.588040,0,0.91,232.1,1.5,2016.2
2026-06-22T04:37:10.589389,0,0.82,232.6,0.8,2016.1
2026-06-22T04:37:11.589743,0,1.72,233.4,1.1,2010.8
2026-06-22T04:37:12.591065,0,2.01,233.8,0.8,2010.0
2026-06-22T04:37:13.592373,0,3.63,234.2,1.1,2009.4
2026-06-22T04:37:14.593695,0,3.96,234.6,2.5,2008.3
2026-06-22T04:37:15.595007,0,1.21,235.2,0.7,2007.8
2026-06-22T04:37:16.596319,0,2.06,235.8,0.7,2007.4
2026-06-22T04:37:17.597632,0,2.72,236.4,1.1,2007.5
2026-06-22T04:37:18.598967,0,4.58,237.0,0.4,2007.6
2026-06-22T04:37:19.600103,0,5.31,238.3,2.5,2009.0
2026-06-22T04:37:20.601454,0,4.23,239.0,1.3,2009.6
2026-06-22T04:37:21.602777,0,2.2,240.3,1.1,2010.5
2026-06-22T04:37:22.604032,0,1.71,241.4,1.3,2010.9
2026-06-22T04:37:23.605359,0,2.63,242.9,1.0,2011.0
2026-06-22T04:37:24.606678,0,2.54,244.2,2.6,2012.1
2026-06-22T04:37:25.608081,0,2.57,245.6,1.0,2011.8
2026-06-22T04:37:26.609513,0,3.2,246.9,1.4,2012.2
2026-06-22T04:37:27.610861,0,3.22,248.2,1.4,2012.5
2026-06-22T04:37:28.612088,0,2.94,249.7,1.0,2012.5
2026-06-22T04:37:29.613396,0,3.33,251.1,2.4,2011.9
2026-06-22T04:37:30.614740,0,3.63,252.7,1.3,2011.5
2026-06-22T04:37:31.616066,0,2.38,254.0,1.1,2012.0
2026-06-22T04:37:32.617492,0,3.22,255.2,1.5,2012.3
2026-06-22T04:37:33.618855,0,3.92,256.8,1.5,2012.5
2026-06-22T04:37:34.620174,0,4.79,258.6,2.9,2013.0
2026-06-22T04:37:35.621495,0,3.77,260.3,1.5,2013.3
2026-06-22T04:37:36.622814,0,3.64,262.1,1.1,2013.1
2026-06-22T04:37:37.624089,0,8.31,263.8,2.1,2012.2
2026-06-22T04:37:38.625407,0,4.41,265.7,1.5,2011.4
2026-06-22T04:37:39.626785,0,4.12,267.4,2.5,2013.1
2026-06-22T04:37:40.628344,0,4.98,269.3,2.2,2011.9
2026-06-22T04:37:41.629667,0,13.62,281.2,2.9,2012.8
2026-06-22T04:37:42.631020,0,98.36,379.0,16.9,2054.4
2026-06-22T04:37:43.632346,0,100.43,467.1,20.2,2141.9
2026-06-22T04:37:44.633702,0,100.02,556.0,23.0,2231.8
2026-06-22T04:37:45.635032,0,100.02,645.7,16.9,2321.1
2026-06-22T04:37:46.636353,0,100.42,738.2,19.1,2413.9
2026-06-22T04:37:47.637686,0,98.19,822.5,13.8,2497.8
2026-06-22T04:37:48.639019,0,100.02,909.1,14.2,2584.2
2026-06-22T04:37:49.640351,0,100.42,996.5,15.8,2675.5
2026-06-22T04:37:50.641699,0,100.01,1084.6,14.1,2763.4
2026-06-22T04:37:51.643093,0,100.02,2099.2,16.2,3773.0
2026-06-22T04:37:52.644433,0,101.58,3088.0,14.3,3957.8
2026-06-22T04:37:53.645771,1,156.81,3719.1,22.2,4571.7
2026-06-22T04:37:54.647105,1,121.8,3746.6,18.0,4597.5
2026-06-22T04:37:55.648446,1,100.42,3759.1,14.0,4609.8
2026-06-22T04:37:56.708944,1,200.56,4120.0,26.1,4970.3
2026-06-22T04:37:57.710534,1,210.42,4131.6,26.5,4982.2
2026-06-22T04:37:58.712162,1,302.08,4541.2,38.9,5391.2
2026-06-22T04:37:59.713743,1,401.77,4563.0,53.8,5415.6
2026-06-22T04:38:00.715111,1,227.36,4562.6,29.0,5432.1
2026-06-22T04:38:01.716477,1,309.75,4570.8,39.7,5438.8
2026-06-22T04:38:02.718694,1,173.5,4575.7,21.2,5443.0
2026-06-22T04:38:03.720179,1,403.63,4605.2,53.5,5473.3
2026-06-22T04:38:04.721540,1,361.07,4605.6,48.4,5474.3
2026-06-22T04:38:05.723006,1,188.17,4605.5,23.6,5474.2
2026-06-22T04:38:06.724381,1,221.56,4605.4,28.3,5474.3
2026-06-22T04:38:07.726546,1,332.79,4614.2,42.8,5481.4
2026-06-22T04:38:08.728134,1,406.21,4633.4,53.8,5500.9
2026-06-22T04:38:09.729503,1,202.75,4633.4,27.0,5502.5
2026-06-22T04:38:10.730862,1,309.32,4633.7,39.8,5487.0
2026-06-22T04:38:11.733089,1,219.23,4678.4,27.3,5530.0
2026-06-22T04:38:12.734612,1,400.34,4689.8,52.6,5541.6
2026-06-22T04:38:13.736094,1,390.12,4689.7,51.7,5542.3
2026-06-22T04:38:14.737459,1,234.79,4689.3,31.7,5542.8
2026-06-22T04:38:15.738945,1,275.12,4693.7,34.7,5545.1
2026-06-22T04:38:16.740298,1,403.81,4700.0,53.0,5551.2
2026-06-22T04:38:17.741681,1,224.74,4699.9,28.8,5551.4
2026-06-22T04:38:18.743073,1,327.76,4699.8,42.8,5551.5
2026-06-22T04:38:19.745932,1,149.99,4700.7,19.7,5553.9
2026-06-22T04:38:20.747464,1,415.33,4704.6,54.1,5557.6
2026-06-22T04:38:21.748823,1,382.88,4704.6,50.3,5557.6
2026-06-22T04:38:22.750281,1,184.99,4704.6,23.1,5558.3
2026-06-22T04:38:23.751661,1,220.74,4704.6,28.5,5558.3
2026-06-22T04:38:24.805578,1,222.64,4711.0,31.4,5567.1
2026-06-22T04:38:25.807204,1,400.23,4740.1,53.0,5596.0
2026-06-22T04:38:26.808582,1,277.42,4740.0,35.7,5596.0
2026-06-22T04:38:27.810295,1,277.85,4739.9,36.1,5596.0
2026-06-22T04:38:28.811764,1,163.51,4739.9,20.2,5596.2
2026-06-22T04:38:29.813253,1,393.6,4743.5,52.5,5603.2
2026-06-22T04:38:30.815219,1,399.85,4743.5,53.0,5604.0
2026-06-22T04:38:31.816211,1,185.65,4743.2,23.7,5598.9
2026-06-22T04:38:32.817577,1,229.25,4743.2,29.3,5598.9
2026-06-22T04:38:33.820566,1,322.69,4746.1,41.5,5600.8
2026-06-22T04:38:34.822159,1,403.57,4745.4,54.6,5618.1
2026-06-22T04:38:35.823522,1,181.8,4745.4,23.0,5617.8
2026-06-22T04:38:36.824230,1,186.44,4745.5,24.1,5618.0
2026-06-22T04:38:37.825591,1,239.69,4745.5,30.6,5618.0
2026-06-22T04:38:38.827032,1,318.4,4746.4,40.5,5618.1
2026-06-22T04:38:39.828206,1,405.75,4745.9,55.6,5618.6
2026-06-22T04:38:40.829643,1,207.0,4745.9,26.0,5618.4
2026-06-22T04:38:41.831007,1,314.64,4745.9,40.3,5602.4
2026-06-22T04:38:42.833734,1,237.37,4746.6,29.7,5602.6
2026-06-22T04:38:43.835309,1,400.16,4746.6,52.7,5602.6
2026-06-22T04:38:44.836674,1,279.81,4746.5,37.5,5602.3
2026-06-22T04:38:45.838213,1,303.54,4749.3,39.3,5605.1
2026-06-22T04:38:46.839655,1,149.79,4749.3,18.2,5605.3
2026-06-22T04:38:47.840195,1,412.76,4750.0,54.1,5605.7
2026-06-22T04:38:48.841648,1,369.15,4751.5,49.0,5607.2
2026-06-22T04:38:49.843115,1,322.53,4751.4,42.8,5606.6
2026-06-22T04:38:50.845403,1,256.73,4756.8,33.0,5610.7
2026-06-22T04:38:51.847011,1,401.54,4759.2,52.9,5612.6
2026-06-22T04:38:52.848423,1,248.31,4759.2,31.8,5612.6
2026-06-22T04:38:53.850095,1,308.51,4759.1,39.5,5612.6
2026-06-22T04:38:54.851542,1,141.61,4758.8,18.2,5612.9
2026-06-22T04:38:55.907897,1,418.11,4759.3,52.4,5612.8
2026-06-22T04:38:56.909516,1,368.01,4759.3,48.2,5612.9
2026-06-22T04:38:57.910964,1,187.12,4759.3,23.5,5613.6
2026-06-22T04:38:58.912118,1,238.11,4759.2,31.1,5616.2
2026-06-22T04:38:59.913554,1,314.99,4759.8,40.1,5614.0
2026-06-22T04:39:00.915070,1,402.01,4759.8,53.9,5630.2
2026-06-22T04:39:01.916398,1,194.07,4759.8,24.6,5629.7
2026-06-22T04:39:02.917860,1,229.94,4759.7,29.4,5614.5
2026-06-22T04:39:03.919226,1,178.37,4759.7,23.1,5618.1
2026-06-22T04:39:04.920147,1,386.74,4759.7,50.1,5634.2
2026-06-22T04:39:05.923779,1,395.06,4759.7,52.3,5634.2
2026-06-22T04:39:06.925301,1,163.37,4760.0,21.2,5634.4
2026-06-22T04:39:07.926656,1,267.49,4760.0,34.3,5634.4
2026-06-22T04:39:08.928696,1,302.51,4759.9,39.4,5636.9
2026-06-22T04:39:09.930231,1,404.31,4759.9,54.9,5637.6
2026-06-22T04:39:10.931616,1,222.0,4759.8,28.8,5633.1
2026-06-22T04:39:11.932976,1,306.08,4759.9,39.5,5617.0
2026-06-22T04:39:12.936558,1,196.57,4759.9,24.6,5616.7
2026-06-22T04:39:13.938077,1,400.36,4759.9,53.5,5619.4
2026-06-22T04:39:14.939555,1,377.0,4759.8,50.5,5618.0
2026-06-22T04:39:15.940940,1,290.78,4759.8,37.5,5617.0
2026-06-22T04:39:16.944642,1,278.24,4759.9,34.9,5617.0
2026-06-22T04:39:17.946186,1,403.09,4759.9,53.2,5616.9
2026-06-22T04:39:18.947546,1,227.56,4759.9,29.8,5616.2
2026-06-22T04:39:19.948951,1,330.42,4760.1,42.2,5615.6
2026-06-22T04:39:20.952625,1,147.54,4760.1,18.4,5615.6
2026-06-22T04:39:22.009177,1,423.76,4760.1,53.1,5615.6
2026-06-22T04:39:23.010778,1,383.07,4760.1,49.7,5615.6
2026-06-22T04:39:24.012130,1,273.36,4759.9,36.2,5614.8
2026-06-22T04:39:25.015505,1,262.99,4759.9,33.5,5614.8
2026-06-22T04:39:26.016252,1,404.77,4759.9,53.3,5614.8
2026-06-22T04:39:27.017726,1,347.39,4759.9,45.5,5614.8
2026-06-22T04:39:28.019100,1,227.68,4759.9,28.9,5614.8
2026-06-22T04:39:29.020149,1,341.9,4790.7,45.5,5643.1
2026-06-22T04:39:30.021608,1,401.49,4790.5,53.5,5644.1
2026-06-22T04:39:31.023108,1,373.58,4790.6,48.6,5644.8
2026-06-22T04:39:32.024550,1,158.0,4790.6,19.9,5645.0
2026-06-22T04:39:33.026039,1,397.88,4790.6,52.2,5645.1
2026-06-22T04:39:34.027483,1,377.59,4790.3,50.8,5662.0
2026-06-22T04:39:35.029236,1,153.07,4790.5,19.5,5662.6
2026-06-22T04:39:36.030664,1,273.46,4790.3,35.1,5662.6
2026-06-22T04:39:37.032188,1,301.77,4790.3,38.8,5662.6
2026-06-22T04:39:38.033851,1,400.88,4790.4,52.9,5662.6
2026-06-22T04:39:39.035293,1,227.4,4790.3,29.6,5661.5
2026-06-22T04:39:40.036770,1,322.9,4790.8,42.5,5646.4
2026-06-22T04:39:41.038974,1,140.2,4790.8,16.9,5646.4
2026-06-22T04:39:42.040291,1,421.82,4790.7,55.0,5646.4
2026-06-22T04:39:43.041715,1,363.84,4790.7,48.7,5646.4
2026-06-22T04:39:44.043162,1,329.45,4790.7,43.5,5648.4
2026-06-22T04:39:45.044520,1,220.99,4790.7,28.4,5648.4
2026-06-22T04:39:46.045997,1,400.13,4790.7,52.5,5648.4
2026-06-22T04:39:47.047412,1,306.48,4790.7,39.9,5648.4
2026-06-22T04:39:48.048291,1,269.35,4790.7,34.4,5648.5
2026-06-22T04:39:49.049713,1,167.77,4790.7,22.3,5650.2
2026-06-22T04:39:50.108837,1,426.86,4790.7,53.4,5650.4
2026-06-22T04:39:51.110505,1,361.49,4790.8,47.4,5644.4
2026-06-22T04:39:52.111952,1,169.49,4791.2,21.2,5644.7
2026-06-22T04:39:53.112696,1,362.02,4803.8,46.9,5655.6
2026-06-22T04:39:54.114132,1,302.4,4804.9,40.6,5658.9
2026-06-22T04:39:55.115626,1,193.96,4805.0,23.8,5659.2
2026-06-22T04:39:56.116113,1,233.19,4805.0,29.7,5659.2
2026-06-22T04:39:57.117626,1,313.87,4804.8,40.5,5659.2
2026-06-22T04:39:58.119062,1,147.35,4804.8,18.6,5659.7
2026-06-22T04:39:59.120516,1,298.02,4804.6,38.9,5659.9
2026-06-22T04:40:00.122069,1,259.2,4804.6,33.7,5676.2
2026-06-22T04:40:01.123486,1,174.17,4804.7,22.1,5676.2
2026-06-22T04:40:02.124856,1,328.13,4804.9,41.8,5676.3
2026-06-22T04:40:03.126427,1,199.13,4805.1,24.6,5676.3
2026-06-22T04:40:04.127889,1,221.81,4804.7,29.1,5675.7
2026-06-22T04:40:05.129247,2,326.37,4805.0,41.7,5676.0
2026-06-22T04:40:06.131618,2,209.49,4931.6,26.7,5798.8
2026-06-22T04:40:07.132169,2,402.61,4989.2,53.4,5857.8
2026-06-22T04:40:08.133531,2,296.96,5004.2,38.5,5872.6
2026-06-22T04:40:09.135047,2,256.79,5010.5,34.5,5864.7
2026-06-22T04:40:10.136415,2,151.58,5010.5,19.1,5864.7
2026-06-22T04:40:11.137855,2,394.84,5010.5,50.5,5864.9
2026-06-22T04:40:12.139487,2,400.12,5010.4,53.2,5864.9
2026-06-22T04:40:13.140214,2,166.63,5010.4,20.3,5864.9
2026-06-22T04:40:14.141661,2,287.47,5010.3,37.6,5864.0
2026-06-22T04:40:15.144406,2,278.66,5010.3,35.4,5864.0
2026-06-22T04:40:16.146018,2,402.85,5010.3,53.1,5864.1
2026-06-22T04:40:17.147533,2,380.63,5010.3,49.7,5864.1
2026-06-22T04:40:18.148941,2,162.32,5010.3,20.5,5864.1
2026-06-22T04:40:19.204268,2,402.61,5010.3,50.8,5864.6
2026-06-22T04:40:20.205762,2,397.83,5010.4,52.7,5864.8
2026-06-22T04:40:21.207218,2,325.69,5010.6,42.2,5864.8
2026-06-22T04:40:22.208673,2,153.65,5010.4,19.0,5864.4
2026-06-22T04:40:23.210132,2,406.08,5010.4,53.2,5864.4
2026-06-22T04:40:24.212834,2,377.28,5010.3,51.1,5865.9
2026-06-22T04:40:25.214333,2,318.5,5010.3,41.4,5865.9
2026-06-22T04:40:26.216910,2,207.03,5010.3,26.0,5866.1
2026-06-22T04:40:27.218441,2,400.53,5010.3,53.1,5866.1
2026-06-22T04:40:28.219990,2,300.98,5010.3,38.9,5866.1
2026-06-22T04:40:29.221541,2,255.09,5010.3,33.9,5869.7
2026-06-22T04:40:30.222984,2,150.26,5010.3,18.9,5869.3
2026-06-22T04:40:31.224172,2,391.93,5010.3,51.4,5864.8
2026-06-22T04:40:32.225790,2,398.86,5010.3,53.1,5864.6
2026-06-22T04:40:33.227244,2,354.19,5010.4,46.6,5864.8
2026-06-22T04:40:34.228175,2,133.93,5010.3,18.0,5879.4
2026-06-22T04:40:35.229619,2,417.82,5010.3,54.6,5874.8
2026-06-22T04:40:36.231077,2,379.53,5010.3,50.0,5874.7
2026-06-22T04:40:37.232169,2,205.47,5010.3,25.7,5874.5
2026-06-22T04:40:38.233546,2,222.65,5010.3,28.4,5874.5
2026-06-22T04:40:39.237249,2,329.71,5010.4,43.5,5874.0
2026-06-22T04:40:40.238793,2,405.23,5010.4,53.8,5874.0
2026-06-22T04:40:41.240310,2,385.17,5010.3,49.8,5858.7
2026-06-22T04:40:42.241748,2,147.58,5010.3,17.9,5858.7
2026-06-22T04:40:43.243239,2,408.63,5010.3,52.9,5858.7
2026-06-22T04:40:44.244688,2,369.07,5010.4,50.5,5860.7
2026-06-22T04:40:45.246135,2,328.33,5010.3,42.5,5860.6
2026-06-22T04:40:46.249501,2,224.62,5010.3,28.3,5860.6
2026-06-22T04:40:47.310650,2,406.83,5022.2,51.2,5869.5
2026-06-22T04:40:48.316384,2,388.27,5022.1,50.5,5869.7
2026-06-22T04:40:49.317957,2,239.65,5021.8,31.2,5870.2
2026-06-22T04:40:50.319591,2,320.99,5021.8,40.4,5870.2
2026-06-22T04:40:51.321237,2,401.38,5021.8,53.3,5870.2
2026-06-22T04:40:52.322609,2,202.09,5021.9,25.5,5870.4
2026-06-22T04:40:53.324056,2,308.41,5021.9,39.5,5870.4
2026-06-22T04:40:54.326438,2,205.98,5021.8,26.9,5869.8
2026-06-22T04:40:55.327956,2,400.73,5021.8,52.7,5869.9
2026-06-22T04:40:56.329472,2,347.77,5021.8,46.2,5869.9
2026-06-22T04:40:57.330834,2,278.92,5021.9,35.4,5870.1
2026-06-22T04:40:58.332191,2,266.36,5021.9,33.8,5870.4
2026-06-22T04:40:59.333753,2,408.4,5021.8,54.7,5869.9
2026-06-22T04:41:00.335233,2,357.74,5021.8,47.4,5886.9
2026-06-22T04:41:01.336606,2,207.31,5021.8,26.3,5886.9
2026-06-22T04:41:02.338076,2,355.38,5023.3,45.7,5887.6
2026-06-22T04:41:03.339607,2,396.38,5023.3,52.6,5887.4
2026-06-22T04:41:04.341531,2,167.92,5023.2,21.4,5889.4
2026-06-22T04:41:05.342974,2,295.07,5023.2,37.8,5889.5
2026-06-22T04:41:06.346303,2,250.63,5023.2,32.1,5889.5
2026-06-22T04:41:07.347923,2,400.21,5023.2,52.7,5889.7
2026-06-22T04:41:08.349291,2,267.33,5023.2,34.0,5889.7
2026-06-22T04:41:09.350875,2,315.36,5023.2,41.0,5877.7
2026-06-22T04:41:10.352361,2,139.07,5023.2,17.1,5878.1
2026-06-22T04:41:11.404284,2,411.89,5023.2,51.6,5873.0
2026-06-22T04:41:12.405651,2,397.3,5023.2,52.4,5872.7
2026-06-22T04:41:13.407011,2,155.08,5023.3,19.7,5872.7
2026-06-22T04:41:14.408380,2,278.45,5025.5,36.3,5872.4
2026-06-22T04:41:15.411396,2,284.91,5025.5,36.2,5872.7
2026-06-22T04:41:16.412164,2,403.06,5030.8,53.3,5877.6
2026-06-22T04:41:17.413521,2,231.72,5030.8,29.6,5877.6
2026-06-22T04:41:18.414871,2,313.47,5030.6,40.4,5877.6
2026-06-22T04:41:19.418340,2,196.28,5030.5,25.0,5877.6
2026-06-22T04:41:20.419891,2,400.46,5030.5,52.9,5877.6
2026-06-22T04:41:21.421215,2,348.37,5030.5,45.5,5877.9
2026-06-22T04:41:22.422806,2,215.55,5030.8,27.6,5877.8
2026-06-22T04:41:23.424178,2,190.14,5030.8,24.1,5877.9
2026-06-22T04:41:24.425605,2,359.39,5030.6,46.8,5878.6
2026-06-22T04:41:25.427190,2,399.96,5030.6,53.2,5878.4
2026-06-22T04:41:26.428541,2,179.14,5030.6,22.4,5878.4
2026-06-22T04:41:27.429911,2,310.0,5030.7,40.6,5878.4
2026-06-22T04:41:28.431774,2,231.53,5030.7,29.3,5878.4
2026-06-22T04:41:29.433494,2,411.11,5030.8,54.9,5878.1
2026-06-22T04:41:30.434860,2,287.71,5030.8,37.1,5878.6
2026-06-22T04:41:31.436203,2,268.27,5030.8,34.3,5879.1
2026-06-22T04:41:32.437565,2,153.97,5030.8,19.3,5879.1
2026-06-22T04:41:33.438995,2,395.55,5030.8,50.9,5879.1
2026-06-22T04:41:34.440159,2,403.15,5030.7,54.8,5896.0
2026-06-22T04:41:35.441526,2,365.6,5030.7,47.4,5896.2
2026-06-22T04:41:36.444744,2,182.6,5030.8,23.3,5896.4
2026-06-22T04:41:37.446302,2,404.15,5030.8,53.1,5896.4
2026-06-22T04:41:38.447672,2,319.06,5030.8,41.7,5896.4
2026-06-22T04:41:39.448164,2,244.16,5030.8,31.4,5880.5
2026-06-22T04:41:40.449544,2,182.8,5030.8,23.0,5880.5
2026-06-22T04:41:41.507217,2,384.79,5030.8,47.7,5880.4
2026-06-22T04:41:42.508385,2,401.67,5030.8,53.2,5880.4
2026-06-22T04:41:43.509769,2,360.41,5030.7,45.7,5880.7
2026-06-22T04:41:44.512904,2,195.23,5030.6,26.0,5883.4
2026-06-22T04:41:45.514425,2,403.06,5030.6,53.0,5883.4
2026-06-22T04:41:46.515859,2,321.91,5030.6,41.9,5883.4
2026-06-22T04:41:47.517354,2,246.4,5030.6,31.9,5883.4
2026-06-22T04:41:48.518886,2,167.38,5030.6,21.2,5883.6
2026-06-22T04:41:49.520215,2,393.78,5031.0,51.4,5886.4
2026-06-22T04:41:50.522543,2,391.44,5031.1,51.9,5887.3
2026-06-22T04:41:51.524147,2,160.04,5031.1,20.5,5881.1
2026-06-22T04:41:52.525591,2,275.57,5031.1,35.5,5880.9
2026-06-22T04:41:53.527321,2,269.47,5031.1,34.1,5880.9
2026-06-22T04:41:54.528321,2,402.74,5031.1,54.0,5879.4
2026-06-22T04:41:55.529763,2,249.02,5031.1,31.5,5879.4
2026-06-22T04:41:56.532571,2,275.57,5031.1,35.6,5879.4
2026-06-22T04:41:57.534133,2,361.57,5032.2,46.9,5880.0
2026-06-22T04:41:58.535567,2,178.02,5032.1,22.5,5880.0
2026-06-22T04:41:59.537012,2,323.29,5032.1,43.7,5880.5
2026-06-22T04:42:00.538474,2,165.64,5032.1,20.2,5896.6
2026-06-22T04:42:01.539949,2,357.7,5032.1,46.7,5896.4
2026-06-22T04:42:02.541384,2,229.91,5032.1,29.0,5896.3
2026-06-22T04:42:03.542841,2,325.94,5032.3,42.0,5896.3
2026-06-22T04:42:04.544308,2,156.71,5032.2,20.7,5897.3
2026-06-22T04:42:05.545738,2,326.85,5032.2,42.3,5897.4
2026-06-22T04:42:06.547172,2,268.32,5032.2,34.7,5897.4
2026-06-22T04:42:07.548625,3,322.82,5031.9,41.2,5897.9
2026-06-22T04:42:08.551158,3,180.7,5031.9,22.7,5897.9
2026-06-22T04:42:09.607555,3,409.17,5031.6,52.5,5896.9
2026-06-22T04:42:10.609298,3,337.81,5031.6,43.7,5896.8
2026-06-22T04:42:11.610760,3,239.95,5031.8,30.7,5880.9
2026-06-22T04:42:12.612409,3,168.28,5031.8,21.1,5880.6
2026-06-22T04:42:13.613851,3,389.95,5031.8,51.0,5880.6
2026-06-22T04:42:14.615498,3,400.31,5031.6,54.0,5881.4
2026-06-22T04:42:15.616866,3,182.91,5031.6,23.0,5881.4
2026-06-22T04:42:16.618233,3,274.29,5031.6,35.1,5881.6
2026-06-22T04:42:17.619976,3,263.1,5031.8,34.0,5881.7
2026-06-22T04:42:18.621576,3,402.94,5033.1,53.0,5882.6
2026-06-22T04:42:19.623081,3,388.12,5032.9,53.0,5882.3
2026-06-22T04:42:20.624457,3,178.77,5033.0,22.5,5882.9
2026-06-22T04:42:21.625898,3,369.95,5033.0,47.9,5882.6
2026-06-22T04:42:22.627427,3,400.13,5033.0,53.3,5882.6
2026-06-22T04:42:23.628798,3,161.58,5033.0,19.6,5882.6
2026-06-22T04:42:24.630161,3,289.78,5032.9,38.5,5886.5
2026-06-22T04:42:25.633476,3,244.69,5032.9,31.1,5886.6
2026-06-22T04:42:26.635122,3,400.61,5032.9,53.2,5886.6
2026-06-22T04:42:27.636178,3,371.32,5032.9,49.0,5886.3
2026-06-22T04:42:28.637537,3,212.02,5033.0,27.3,5886.1
2026-06-22T04:42:29.639855,3,329.9,5032.9,42.8,5887.8
2026-06-22T04:42:30.641464,3,408.0,5033.0,54.2,5888.1
2026-06-22T04:42:31.642831,3,175.97,5032.9,22.7,5882.1
2026-06-22T04:42:32.644193,3,328.77,5033.0,42.4,5882.0
2026-06-22T04:42:33.648070,3,194.82,5033.0,24.7,5882.0
2026-06-22T04:42:34.704280,3,409.49,5032.9,53.7,5897.9
2026-06-22T04:42:35.705644,3,329.34,5032.9,42.7,5897.6
2026-06-22T04:42:36.707169,3,259.96,5033.0,33.5,5898.1
2026-06-22T04:42:37.708606,3,161.1,5033.0,19.8,5898.3
2026-06-22T04:42:38.710114,3,392.48,5033.0,50.9,5898.3
2026-06-22T04:42:39.712421,3,398.31,5032.9,54.3,5898.6
2026-06-22T04:42:40.713908,3,167.99,5032.9,21.0,5882.8
2026-06-22T04:42:41.715357,3,273.18,5032.9,35.0,5882.8
2026-06-22T04:42:42.716179,3,290.7,5032.9,37.0,5882.9
2026-06-22T04:42:43.717781,3,400.44,5033.0,53.1,5882.9
2026-06-22T04:42:44.719244,3,216.59,5033.0,28.4,5882.3
2026-06-22T04:42:45.720702,3,328.59,5032.9,42.6,5882.4
2026-06-22T04:42:46.723486,3,166.32,5032.9,20.9,5882.4
2026-06-22T04:42:47.724158,3,402.8,5032.9,52.9,5882.5
2026-06-22T04:42:48.726790,3,388.71,5032.9,51.1,5882.5
2026-06-22T04:42:49.728284,3,296.63,5032.9,39.7,5881.4
2026-06-22T04:42:50.729768,3,247.53,5032.9,31.3,5881.2
2026-06-22T04:42:51.731300,3,400.84,5032.9,52.8,5881.3
2026-06-22T04:42:52.732735,3,260.45,5032.9,33.7,5881.3
2026-06-22T04:42:53.734211,3,302.61,5032.9,39.0,5881.3
2026-06-22T04:42:54.735615,3,147.52,5032.9,18.8,5881.2
2026-06-22T04:42:55.736212,3,413.51,5032.9,54.5,5881.2
2026-06-22T04:42:56.737625,3,377.47,5033.0,49.7,5881.2
2026-06-22T04:42:57.739099,3,167.14,5033.0,20.6,5881.2
2026-06-22T04:42:58.740538,3,239.05,5032.9,30.6,5881.2
2026-06-22T04:42:59.742035,3,309.03,5032.9,40.7,5881.5
2026-06-22T04:43:00.743639,3,401.84,5033.0,53.4,5897.6
2026-06-22T04:43:01.744190,3,345.33,5033.1,45.8,5897.8
2026-06-22T04:43:02.745602,3,181.96,5033.1,22.9,5897.8
2026-06-22T04:43:03.747084,3,373.31,5033.1,48.5,5897.8
2026-06-22T04:43:04.748767,3,402.86,5033.0,54.2,5900.1
2026-06-22T04:43:05.750237,3,355.93,5033.0,46.2,5900.5
2026-06-22T04:43:06.753015,3,150.24,5033.0,18.3,5900.7
2026-06-22T04:43:07.808422,3,418.92,5033.0,52.8,5900.7
2026-06-22T04:43:08.818009,3,404.07,5033.0,52.4,5900.7
2026-06-22T04:43:09.819540,3,299.88,5032.9,39.2,5889.0
2026-06-22T04:43:10.821733,3,254.16,5033.0,31.9,5889.0
2026-06-22T04:43:11.823276,3,400.64,5033.0,53.6,5883.7
2026-06-22T04:43:12.824637,3,241.12,5033.0,30.6,5883.4
2026-06-22T04:43:13.826000,3,330.52,5033.0,42.5,5883.1
2026-06-22T04:43:14.829293,3,207.62,5032.9,26.5,5881.7
2026-06-22T04:43:15.830834,3,402.14,5032.9,53.4,5882.0
2026-06-22T04:43:16.832183,3,316.2,5032.9,40.8,5882.0
2026-06-22T04:43:17.833776,3,272.53,5033.0,34.5,5882.0
2026-06-22T04:43:18.835272,3,159.76,5033.0,19.6,5882.0
2026-06-22T04:43:19.836189,3,400.58,5032.9,54.5,5881.3
2026-06-22T04:43:20.837611,3,382.33,5032.9,50.5,5881.8
2026-06-22T04:43:21.839112,3,185.65,5032.9,23.0,5881.8
2026-06-22T04:43:22.840231,3,224.31,5032.9,28.4,5882.1
2026-06-22T04:43:23.841662,3,306.55,5033.0,39.2,5882.1
2026-06-22T04:43:24.843252,3,426.04,5032.9,57.7,5882.0
2026-06-22T04:43:25.844775,3,377.15,5032.9,49.5,5882.5
2026-06-22T04:43:26.846230,3,150.72,5032.9,18.7,5882.6
2026-06-22T04:43:27.847774,3,393.98,5032.9,51.3,5882.6
2026-06-22T04:43:28.850258,3,384.14,5032.9,50.9,5882.6
2026-06-22T04:43:29.851911,3,335.25,5032.9,44.9,5882.1
2026-06-22T04:43:30.905414,3,233.9,5032.9,28.0,5882.1
2026-06-22T04:43:31.907116,3,399.98,5032.9,52.5,5882.2
2026-06-22T04:43:32.908197,3,364.12,5032.9,47.5,5882.4
2026-06-22T04:43:33.909609,3,243.65,5032.9,31.1,5882.4
2026-06-22T04:43:34.911080,3,318.1,5032.9,42.1,5898.9
2026-06-22T04:43:35.912604,3,402.88,5032.9,53.5,5899.0
2026-06-22T04:43:36.914117,3,347.17,5033.1,44.9,5898.7
2026-06-22T04:43:37.915536,3,176.53,5033.1,22.2,5898.7
2026-06-22T04:43:38.916206,3,381.04,5033.1,49.5,5898.8
2026-06-22T04:43:39.917845,3,400.29,5032.9,54.0,5898.1
2026-06-22T04:43:40.919346,3,346.86,5032.9,45.5,5882.1
2026-06-22T04:43:41.921452,3,158.49,5032.9,20.0,5882.1
2026-06-22T04:43:42.922972,3,406.9,5033.1,53.7,5882.2
2026-06-22T04:43:43.924380,3,382.15,5033.1,50.1,5882.2
2026-06-22T04:43:44.925872,3,189.72,5032.9,24.8,5886.2
2026-06-22T04:43:45.927293,3,214.81,5032.9,27.3,5886.2
2026-06-22T04:43:46.928139,3,317.97,5032.9,40.7,5886.3
2026-06-22T04:43:47.929629,3,413.67,5032.9,54.7,5886.2
2026-06-22T04:43:48.931075,3,200.57,5032.9,25.3,5886.2
2026-06-22T04:43:49.932523,3,293.09,5032.9,38.0,5888.9
2026-06-22T04:43:50.935045,3,247.76,5032.9,31.3,5889.0
2026-06-22T04:43:51.936283,3,402.61,5032.9,53.6,5883.3
2026-06-22T04:43:52.937722,3,285.26,5032.9,36.7,5883.3
2026-06-22T04:43:53.939191,3,256.73,5032.9,33.0,5883.4
2026-06-22T04:43:54.939878,3,157.85,5032.9,20.7,5884.4
2026-06-22T04:43:55.941292,3,395.06,5032.9,52.2,5884.4
2026-06-22T04:43:56.943417,3,392.27,5032.9,52.2,5884.3
2026-06-22T04:43:57.945831,3,361.5,5032.9,46.2,5884.6
2026-06-22T04:43:58.947419,3,369.04,5033.9,47.9,5884.9
2026-06-22T04:43:59.948279,3,153.44,5033.6,20.1,5884.9
2026-06-22T04:44:00.949702,3,302.4,5033.6,38.8,5900.3
2026-06-22T04:44:02.008767,3,228.12,5033.7,27.3,5900.4
2026-06-22T04:44:03.010378,3,204.11,5033.6,25.7,5900.4
2026-06-22T04:44:04.011793,3,323.82,5033.7,40.8,5900.4
2026-06-22T04:44:05.013160,3,159.38,5033.5,21.6,5900.0
2026-06-22T04:44:06.014516,3,268.67,5033.5,34.7,5900.2
2026-06-22T04:44:07.016075,3,280.82,5033.5,36.0,5900.2
2026-06-22T04:44:08.017499,3,169.02,5033.5,21.1,5900.3
2026-06-22T04:44:09.018917,3,273.06,5033.5,34.5,5900.3
2026-06-22T04:44:10.020763,4,310.89,5033.1,40.4,5884.8
2026-06-22T04:44:11.022515,4,147.55,5033.1,18.6,5884.8
2026-06-22T04:44:12.024103,4,413.4,5033.1,54.5,5884.8
2026-06-22T04:44:13.025630,4,385.75,5033.1,51.5,5884.9
2026-06-22T04:44:14.026998,4,310.7,5033.1,40.3,5884.9
2026-06-22T04:44:15.028854,4,212.49,5033.0,27.1,5885.1
2026-06-22T04:44:16.030375,4,400.34,5033.0,53.2,5885.1
2026-06-22T04:44:17.031725,4,309.56,5033.1,39.8,5885.1
2026-06-22T04:44:18.033224,4,261.62,5033.1,33.8,5884.9
2026-06-22T04:44:19.033689,4,158.94,5033.1,19.7,5886.4
2026-06-22T04:44:20.035131,4,404.23,5033.0,52.9,5885.0
2026-06-22T04:44:21.036193,4,399.08,5033.0,52.8,5885.0
2026-06-22T04:44:22.037553,4,167.71,5033.0,21.0,5885.0
2026-06-22T04:44:23.038914,4,273.9,5033.0,35.1,5885.0
2026-06-22T04:44:24.040026,4,276.15,5033.0,35.5,5886.0
2026-06-22T04:44:25.041494,4,408.12,5033.0,54.3,5887.1
2026-06-22T04:44:26.042847,4,250.47,5033.0,32.4,5887.1
2026-06-22T04:44:27.044204,4,309.97,5033.0,39.7,5887.2
2026-06-22T04:44:28.046848,4,191.0,5033.0,23.7,5887.5
2026-06-22T04:44:29.048141,4,402.24,5033.0,53.0,5888.2
2026-06-22T04:44:30.049501,4,336.19,5033.0,44.6,5890.0
2026-06-22T04:44:31.104865,4,221.06,5033.0,27.4,5884.5
2026-06-22T04:44:32.106328,4,211.17,5033.0,27.1,5884.5
2026-06-22T04:44:33.107800,4,348.63,5033.0,45.7,5884.5
2026-06-22T04:44:34.109298,4,402.2,5033.0,54.2,5900.2
2026-06-22T04:44:35.110739,4,185.03,5033.0,23.3,5900.5
2026-06-22T04:44:36.112220,4,303.97,5033.1,39.1,5900.8
2026-06-22T04:44:37.114945,4,222.73,5033.0,28.4,5900.5
2026-06-22T04:44:38.116181,4,403.01,5033.0,53.5,5900.5
2026-06-22T04:44:39.117626,4,354.15,5033.0,47.5,5884.2
2026-06-22T04:44:40.119067,4,275.91,5033.0,35.0,5884.1
2026-06-22T04:44:41.121078,4,300.91,5033.0,39.2,5884.2
2026-06-22T04:44:42.122691,4,400.22,5033.0,53.2,5884.2
2026-06-22T04:44:43.124175,4,367.22,5033.0,48.7,5884.2
2026-06-22T04:44:44.125603,4,168.45,5033.0,21.9,5884.9
2026-06-22T04:44:45.127091,4,388.13,5033.0,49.6,5884.7
2026-06-22T04:44:46.128130,4,397.34,5033.0,52.6,5884.7
2026-06-22T04:44:47.131004,4,182.11,5033.1,22.7,5885.2
2026-06-22T04:44:48.132461,4,276.31,5033.1,35.3,5885.2
2026-06-22T04:44:49.135168,4,271.21,5033.0,35.2,5885.6
2026-06-22T04:44:50.136240,4,403.53,5033.0,52.7,5885.6
2026-06-22T04:44:51.137749,4,396.73,5033.0,52.3,5885.9
2026-06-22T04:44:52.139193,4,196.88,5033.0,25.1,5885.9
2026-06-22T04:44:53.140169,4,355.96,5033.0,46.2,5885.6
2026-06-22T04:44:54.141795,4,404.93,5033.1,54.9,5888.1
2026-06-22T04:44:55.143221,4,189.87,5033.1,24.0,5885.4
2026-06-22T04:44:56.144658,4,307.45,5033.0,39.5,5885.7
2026-06-22T04:44:57.146169,4,235.08,5033.2,29.9,5885.7
2026-06-22T04:44:58.147765,4,399.88,5033.0,53.0,5885.8
2026-06-22T04:44:59.149243,4,336.32,5033.0,45.5,5885.9
2026-06-22T04:45:00.150686,4,276.64,5033.0,35.8,5902.0
2026-06-22T04:45:01.153283,4,280.5,5033.0,36.3,5902.6
2026-06-22T04:45:02.204505,4,407.65,5033.0,51.8,5903.0
2026-06-22T04:45:03.206023,4,355.35,5033.0,46.4,5887.0
2026-06-22T04:45:04.207452,4,211.57,5033.0,27.6,5905.8
2026-06-22T04:45:05.208174,4,346.39,5033.0,44.8,5906.1
2026-06-22T04:45:06.210187,4,400.2,5033.0,53.4,5906.1
2026-06-22T04:45:07.211635,4,192.03,5033.0,24.1,5905.9
2026-06-22T04:45:08.213091,4,304.19,5033.0,38.8,5905.9
2026-06-22T04:45:09.216006,4,215.78,5033.0,27.9,5907.9
2026-06-22T04:45:10.217991,4,402.13,5033.2,53.4,5908.7
2026-06-22T04:45:11.219444,4,307.16,5033.0,40.3,5902.5
2026-06-22T04:45:12.220284,4,250.6,5033.0,32.3,5887.4
2026-06-22T04:45:13.221750,4,157.05,5033.0,19.4,5887.4
2026-06-22T04:45:14.223247,4,392.14,5033.0,51.8,5886.3
2026-06-22T04:45:15.224252,4,392.05,5033.0,52.4,5886.7
2026-06-22T04:45:16.225701,4,343.51,5033.0,45.0,5886.7
2026-06-22T04:45:17.228620,4,177.49,5033.0,21.9,5887.0
2026-06-22T04:45:18.230143,4,402.4,5033.0,53.2,5887.0
2026-06-22T04:45:19.231581,4,335.55,5033.0,44.5,5886.7
2026-06-22T04:45:20.232175,4,217.1,5033.0,27.8,5886.3
2026-06-22T04:45:21.233602,4,205.43,5033.0,26.3,5886.3
2026-06-22T04:45:22.235096,4,335.21,5033.0,43.4,5886.3
2026-06-22T04:45:23.236294,4,403.2,5033.2,53.4,5886.3
2026-06-22T04:45:24.237794,4,345.93,5033.0,46.4,5884.7
2026-06-22T04:45:25.239237,4,155.21,5033.0,19.2,5884.9
2026-06-22T04:45:26.240175,4,409.71,5033.0,53.5,5884.9
2026-06-22T04:45:27.241604,4,385.88,5033.0,51.3,5884.8
2026-06-22T04:45:28.243072,4,170.04,5033.0,21.3,5884.6
2026-06-22T04:45:29.244502,4,235.93,5033.0,30.9,5884.7
2026-06-22T04:45:30.245963,4,315.77,5033.0,40.4,5884.7
2026-06-22T04:45:31.247488,4,402.43,5033.0,53.4,5884.7
2026-06-22T04:45:32.304345,4,363.75,5033.0,45.1,5885.1
2026-06-22T04:45:33.305794,4,173.07,5033.0,21.4,5885.1
2026-06-22T04:45:34.307275,4,385.2,5033.0,51.0,5899.3
2026-06-22T04:45:35.308215,4,403.01,5033.0,53.4,5899.8
2026-06-22T04:45:36.309699,4,364.54,5033.3,47.6,5900.6
2026-06-22T04:45:37.312676,4,195.86,5033.3,25.2,5900.9
2026-06-22T04:45:38.314196,4,403.22,5033.3,52.8,5900.9
2026-06-22T04:45:39.316490,4,385.05,5033.1,52.0,5885.6
2026-06-22T04:45:40.317919,4,270.0,5033.1,34.7,5885.4
2026-06-22T04:45:41.319492,4,296.37,5033.1,37.8,5885.4
2026-06-22T04:45:42.320180,4,402.82,5033.1,53.1,5885.7
2026-06-22T04:45:43.321591,4,232.62,5033.1,29.6,5885.4
2026-06-22T04:45:44.323035,4,310.37,5033.1,41.2,5886.5
2026-06-22T04:45:45.325577,4,201.92,5033.2,25.2,5886.7
2026-06-22T04:45:46.327116,4,400.43,5033.2,53.0,5886.7
2026-06-22T04:45:47.328542,4,323.2,5033.2,42.0,5886.8
2026-06-22T04:45:48.330090,4,234.71,5033.1,30.2,5886.8
2026-06-22T04:45:49.331549,4,190.09,5033.1,24.8,5890.1
2026-06-22T04:45:50.332187,4,365.01,5033.2,46.9,5890.1
2026-06-22T04:45:51.342747,4,396.79,5033.1,54.2,5885.3
2026-06-22T04:45:52.344299,4,379.62,5033.1,48.9,5885.0
2026-06-22T04:45:53.345729,4,137.6,5033.1,17.9,5885.1
2026-06-22T04:45:54.347236,4,420.18,5033.1,56.7,5885.2
2026-06-22T04:45:55.348679,4,353.75,5033.1,46.2,5885.5
2026-06-22T04:45:56.350153,4,211.53,5033.1,26.2,5885.5
2026-06-22T04:45:57.351584,4,216.92,5033.1,27.6,5885.5
2026-06-22T04:45:58.352173,4,342.96,5033.1,44.8,5885.5
2026-06-22T04:45:59.404463,4,405.23,5033.1,52.2,5885.9
2026-06-22T04:46:00.405880,4,192.5,5033.1,24.7,5902.5
2026-06-22T04:46:01.407354,4,344.18,5033.1,45.1,5902.8
2026-06-22T04:46:02.408606,4,358.52,5033.9,47.0,5887.1
2026-06-22T04:46:03.410010,4,153.57,5034.1,19.3,5886.9
2026-06-22T04:46:04.411463,4,292.69,5033.6,38.5,5901.2
2026-06-22T04:46:05.412183,4,253.78,5033.6,32.4,5901.6
2026-06-22T04:46:06.413615,4,176.08,5033.6,22.2,5902.1
2026-06-22T04:46:07.415048,4,327.62,5033.6,42.3,5902.2
2026-06-22T04:46:08.416223,4,195.14,5033.6,24.3,5902.2
2026-06-22T04:46:09.417654,4,232.29,5033.6,30.3,5901.9
2026-06-22T04:46:10.419114,4,313.96,5033.6,40.4,5901.7
2026-06-22T04:46:11.420232,4,158.86,5033.6,19.5,5901.7
2026-06-22T04:46:12.421669,4,256.19,5033.7,32.9,5901.7
2026-06-22T04:46:13.423116,5,321.93,5033.2,41.8,5886.9
2026-06-22T04:46:14.425248,5,169.81,5033.2,21.7,5886.9
2026-06-22T04:46:15.426798,5,402.9,5033.2,53.3,5886.7
2026-06-22T04:46:16.428227,5,372.99,5033.3,49.6,5886.7
2026-06-22T04:46:17.429662,5,292.76,5033.4,37.6,5886.7
2026-06-22T04:46:18.432668,5,237.76,5033.4,30.4,5886.7
2026-06-22T04:46:19.434353,5,408.89,5033.2,55.2,5886.3
2026-06-22T04:46:20.435837,5,372.17,5033.3,48.4,5887.1
2026-06-22T04:46:21.438495,5,364.85,5033.3,47.8,5887.1
2026-06-22T04:46:22.440150,5,402.42,5033.3,53.3,5887.1
2026-06-22T04:46:23.441615,5,364.44,5033.3,48.6,5887.6
2026-06-22T04:46:24.443053,5,241.25,5033.3,31.6,5889.1
2026-06-22T04:46:25.444151,5,314.8,5033.3,40.3,5889.3
2026-06-22T04:46:26.445644,5,404.57,5033.3,53.8,5889.3
2026-06-22T04:46:27.447247,5,343.2,5033.3,44.7,5889.4
2026-06-22T04:46:28.448710,5,172.45,5033.3,21.7,5889.4
2026-06-22T04:46:29.506982,5,387.53,5033.2,50.6,5891.9
2026-06-22T04:46:30.542433,5,403.06,5033.2,53.7,5892.2
2026-06-22T04:46:31.544126,5,363.08,5033.3,46.1,5888.1
2026-06-22T04:46:32.547603,5,190.59,5033.3,23.8,5888.0
2026-06-22T04:46:33.548153,5,403.52,5033.3,52.6,5888.0
2026-06-22T04:46:34.549512,5,367.77,5033.2,49.7,5903.7
2026-06-22T04:46:35.550870,5,296.48,5033.2,38.3,5903.9
2026-06-22T04:46:36.554309,5,247.61,5033.3,30.9,5903.7
2026-06-22T04:46:37.604498,5,412.55,5033.3,52.2,5903.7
2026-06-22T04:46:38.605913,5,293.86,5033.3,37.8,5903.7
2026-06-22T04:46:39.607492,5,286.04,5033.3,37.9,5888.0
2026-06-22T04:46:40.608931,5,152.36,5033.3,18.6,5887.8
2026-06-22T04:46:41.610408,5,406.19,5033.3,53.2,5887.8
2026-06-22T04:46:42.611979,5,377.92,5033.3,49.3,5887.9
2026-06-22T04:46:43.613481,5,190.16,5033.3,24.4,5887.9
2026-06-22T04:46:44.614924,5,241.37,5033.2,31.5,5888.8
2026-06-22T04:46:45.616943,5,324.51,5033.2,41.2,5889.1
2026-06-22T04:46:46.618505,5,399.99,5033.2,52.8,5889.2
2026-06-22T04:46:47.620059,5,209.0,5033.2,26.6,5889.2
2026-06-22T04:46:48.621505,5,309.64,5033.2,39.4,5889.4
2026-06-22T04:46:49.624107,5,199.0,5033.2,25.7,5889.2
2026-06-22T04:46:50.625646,5,403.23,5033.2,53.0,5889.2
2026-06-22T04:46:51.627065,5,325.67,5033.2,42.4,5889.3
2026-06-22T04:46:52.628215,5,244.05,5033.2,30.9,5889.3
2026-06-22T04:46:53.630088,5,164.37,5033.3,20.7,5889.3
2026-06-22T04:46:54.631628,5,396.32,5033.2,54.5,5886.9
2026-06-22T04:46:55.632228,5,400.45,5033.2,53.0,5887.1
2026-06-22T04:46:56.633595,5,173.5,5033.4,22.0,5887.1
2026-06-22T04:46:57.634945,5,274.01,5033.4,34.9,5887.2
2026-06-22T04:46:58.636182,5,275.08,5033.4,35.2,5887.4
2026-06-22T04:46:59.637697,5,400.54,5033.2,54.0,5887.0
2026-06-22T04:47:00.639073,5,227.86,5033.2,29.1,5903.3
2026-06-22T04:47:01.640183,5,326.25,5033.2,42.2,5903.3
2026-06-22T04:47:02.642761,5,151.97,5033.2,19.3,5903.4
2026-06-22T04:47:03.644186,5,413.81,5033.2,54.1,5903.3
2026-06-22T04:47:04.645618,5,360.21,5033.2,49.1,5907.1
2026-06-22T04:47:05.647095,5,221.67,5033.3,28.0,5907.5
2026-06-22T04:47:06.648348,5,189.13,5033.3,24.1,5907.4
2026-06-22T04:47:07.649780,5,365.36,5033.3,46.3,5907.5
2026-06-22T04:47:08.708519,5,407.24,5033.3,51.4,5907.5
2026-06-22T04:47:09.710234,5,377.08,5033.3,49.5,5894.4
2026-06-22T04:47:10.712448,5,159.95,5033.3,20.0,5894.2
2026-06-22T04:47:11.713991,5,402.41,5033.2,53.8,5888.5
2026-06-22T04:47:12.715471,5,378.3,5033.2,50.0,5888.5
2026-06-22T04:47:13.716121,5,291.94,5033.2,37.6,5889.0
2026-06-22T04:47:14.717580,5,233.76,5033.2,30.3,5888.8
2026-06-22T04:47:15.719099,5,403.94,5033.3,53.9,5889.0
2026-06-22T04:47:16.720152,5,368.88,5033.2,48.3,5888.7
2026-06-22T04:47:17.721564,5,259.49,5033.2,33.3,5888.6
2026-06-22T04:47:18.723018,5,296.07,5033.2,37.7,5888.6
2026-06-22T04:47:19.724261,5,403.01,5033.2,54.3,5887.5
2026-06-22T04:47:20.725852,5,343.87,5033.2,44.8,5887.3
2026-06-22T04:47:21.727263,5,195.28,5033.2,24.7,5887.4
2026-06-22T04:47:22.728188,5,355.74,5033.3,45.7,5887.4
2026-06-22T04:47:23.729680,5,399.99,5033.3,53.1,5887.4
2026-06-22T04:47:24.731360,5,328.59,5033.2,43.5,5888.1
2026-06-22T04:47:25.732265,5,165.22,5033.2,20.5,5887.9
2026-06-22T04:47:26.733733,5,400.72,5033.2,52.3,5887.9
2026-06-22T04:47:27.735161,5,391.48,5033.2,51.5,5887.9
2026-06-22T04:47:28.736155,5,155.68,5033.3,19.6,5887.9
2026-06-22T04:47:29.737601,5,275.24,5033.2,36.3,5888.6
2026-06-22T04:47:30.739405,5,290.12,5033.2,36.9,5888.4
2026-06-22T04:47:31.740255,5,403.62,5033.2,53.2,5888.5
2026-06-22T04:47:32.741747,5,341.63,5033.4,44.9,5888.5
2026-06-22T04:47:33.743179,5,217.02,5033.4,27.6,5888.5
2026-06-22T04:47:34.744175,5,338.15,5033.4,44.8,5905.5
2026-06-22T04:47:35.745662,5,405.19,5033.4,53.8,5905.7
2026-06-22T04:47:36.747103,5,167.32,5033.5,21.5,5905.7
2026-06-22T04:47:37.748543,5,333.98,5033.5,42.7,5905.4
2026-06-22T04:47:38.835901,5,232.95,5033.5,28.5,5905.4
2026-06-22T04:47:39.845992,5,424.16,5033.4,55.0,5903.7
2026-06-22T04:47:40.850583,5,325.48,5033.5,42.6,5888.2
2026-06-22T04:47:41.852113,5,270.93,5033.5,34.5,5888.2
2026-06-22T04:47:42.853560,5,302.17,5033.5,38.9,5888.2
2026-06-22T04:47:43.910821,5,417.19,5033.5,52.7,5888.2
2026-06-22T04:47:44.912129,5,218.27,5033.4,27.7,5889.7
2026-06-22T04:47:45.913532,5,309.94,5033.4,39.9,5889.9
2026-06-22T04:47:46.917499,5,201.29,5033.4,25.7,5889.9
2026-06-22T04:47:47.919028,5,403.5,5033.5,52.9,5889.8
2026-06-22T04:47:48.920399,5,356.76,5033.5,46.2,5889.9
2026-06-22T04:47:49.921894,5,216.22,5033.4,29.1,5892.6
2026-06-22T04:47:50.923260,5,195.11,5033.4,24.7,5892.6
2026-06-22T04:47:51.924077,5,342.06,5033.4,44.8,5887.4
2026-06-22T04:47:52.925626,5,412.86,5033.4,54.9,5887.4
2026-06-22T04:47:53.926984,5,182.77,5033.4,23.1,5887.4
2026-06-22T04:47:54.928346,5,313.03,5033.4,41.4,5888.7
2026-06-22T04:47:55.930229,5,246.05,5033.4,31.3,5888.7
2026-06-22T04:47:56.931797,5,400.21,5033.4,53.0,5888.9
2026-06-22T04:47:57.933159,5,286.75,5033.5,36.5,5888.7
2026-06-22T04:47:58.934634,5,280.4,5033.5,35.9,5889.5
2026-06-22T04:47:59.936089,5,147.24,5033.4,19.3,5888.4
2026-06-22T04:48:00.937544,5,400.85,5033.4,52.5,5904.0
2026-06-22T04:48:01.938938,5,384.05,5033.4,50.9,5904.0
2026-06-22T04:48:02.940067,5,173.4,5033.4,22.1,5888.3
2026-06-22T04:48:03.941458,5,353.96,5033.4,46.2,5904.0
2026-06-22T04:48:04.942829,5,315.6,5033.8,41.5,5905.1
2026-06-22T04:48:05.944457,5,215.0,5033.8,27.0,5904.9
2026-06-22T04:48:06.945817,5,217.32,5033.8,27.6,5904.9
2026-06-22T04:48:07.947174,5,329.05,5033.8,42.6,5904.9
2026-06-22T04:48:08.951676,5,141.43,5033.8,17.4,5904.9
2026-06-22T04:48:09.953378,5,292.49,5033.7,37.7,5905.9
2026-06-22T04:48:11.009015,5,282.48,5033.7,34.2,5906.0
2026-06-22T04:48:12.010540,5,376.64,5033.7,49.2,5906.0
2026-06-22T04:48:13.011988,5,151.07,5033.7,18.5,5906.0
2026-06-22T04:48:14.013366,5,254.74,5033.7,32.8,5906.0
2026-06-22T04:48:15.014733,6,323.17,5033.5,41.6,5890.6
2026-06-22T04:48:16.017547,6,169.32,5033.5,21.1,5890.3
2026-06-22T04:48:17.019093,6,401.78,5033.5,52.6,5890.3
2026-06-22T04:48:18.022173,6,388.06,5033.5,50.8,5890.3
2026-06-22T04:48:19.023609,6,298.2,5033.6,38.3,5890.0
2026-06-22T04:48:20.024133,6,240.11,5033.4,31.6,5889.3
2026-06-22T04:48:21.025639,6,405.73,5033.4,53.6,5889.3
2026-06-22T04:48:22.027003,6,258.64,5033.4,33.4,5888.4
2026-06-22T04:48:23.028268,6,306.95,5033.4,40.0,5888.4
2026-06-22T04:48:24.029710,6,142.98,5033.4,18.0,5888.4
2026-06-22T04:48:25.031203,6,415.16,5033.4,57.1,5891.1
2026-06-22T04:48:26.032109,6,359.92,5033.4,47.2,5891.1
2026-06-22T04:48:27.033634,6,195.06,5033.4,25.1,5891.1
2026-06-22T04:48:28.035050,6,231.28,5033.4,29.6,5891.1
2026-06-22T04:48:29.036238,6,323.66,5033.4,40.9,5891.1
2026-06-22T04:48:30.037858,6,400.92,5033.5,54.0,5892.4
2026-06-22T04:48:31.039222,6,196.92,5033.5,24.8,5892.4
2026-06-22T04:48:32.040578,6,312.18,5033.4,40.5,5888.4
2026-06-22T04:48:33.044007,6,219.14,5033.4,27.3,5888.4
2026-06-22T04:48:34.045470,6,403.22,5033.4,52.7,5904.7
2026-06-22T04:48:35.046847,6,328.78,5033.4,43.5,5903.8
2026-06-22T04:48:36.048155,6,257.14,5033.4,33.4,5903.8
2026-06-22T04:48:37.049516,6,156.52,5033.4,19.6,5903.8
2026-06-22T04:48:38.106958,6,408.73,5033.4,50.4,5904.0
2026-06-22T04:48:39.108288,6,402.71,5033.4,53.2,5904.0
2026-06-22T04:48:40.110509,6,140.8,5033.4,18.8,5887.3
2026-06-22T04:48:41.112058,6,268.49,5033.4,34.3,5887.3
2026-06-22T04:48:42.113541,6,288.81,5033.4,37.2,5887.3
2026-06-22T04:48:43.114996,6,400.05,5033.5,53.1,5887.5
2026-06-22T04:48:44.116358,6,232.34,5033.5,29.2,5887.5
2026-06-22T04:48:45.117716,6,309.87,5033.5,41.4,5886.5
2026-06-22T04:48:46.121166,6,203.14,5033.5,26.0,5886.5
2026-06-22T04:48:47.123449,6,403.0,5033.5,52.7,5886.5
2026-06-22T04:48:48.124833,6,352.34,5033.5,46.4,5886.3
2026-06-22T04:48:49.126177,6,274.5,5033.5,35.1,5886.3
2026-06-22T04:48:50.127624,6,290.11,5033.4,37.4,5885.5
2026-06-22T04:48:51.128326,6,404.05,5033.4,53.6,5885.8
2026-06-22T04:48:52.129683,6,244.79,5033.5,31.1,5885.8
2026-06-22T04:48:53.131035,6,304.0,5033.5,39.7,5886.0
2026-06-22T04:48:54.133296,6,143.12,5033.5,18.0,5886.0
2026-06-22T04:48:55.134817,6,413.41,5033.4,57.3,5887.7
2026-06-22T04:48:56.136178,6,339.96,5033.5,44.4,5887.7
2026-06-22T04:48:57.137651,6,240.39,5033.4,30.7,5887.0
2026-06-22T04:48:58.139024,6,191.91,5033.4,24.4,5887.0
2026-06-22T04:48:59.140149,6,353.61,5033.4,44.9,5887.3
2026-06-22T04:49:00.141670,6,417.06,5033.4,56.3,5904.5
2026-06-22T04:49:01.143302,6,372.37,5033.4,48.4,5904.7
2026-06-22T04:49:02.144765,6,153.82,5033.4,18.9,5905.0
2026-06-22T04:49:03.146239,6,413.35,5033.4,53.7,5905.0
2026-06-22T04:49:04.147797,6,395.55,5033.4,52.5,5904.7
2026-06-22T04:49:05.149242,6,344.03,5033.4,47.3,5906.0
2026-06-22T04:49:06.208189,6,416.93,5033.4,52.6,5906.1
2026-06-22T04:49:07.211242,6,389.86,5033.4,51.9,5906.4
2026-06-22T04:49:08.212098,6,312.19,5033.4,39.9,5906.6
2026-06-22T04:49:09.215174,6,245.96,5033.4,32.1,5909.3
2026-06-22T04:49:10.216211,6,404.71,5033.5,54.8,5909.6
2026-06-22T04:49:11.217683,6,380.43,5033.7,50.0,5893.6
2026-06-22T04:49:12.219053,6,219.51,5033.5,28.4,5888.4
2026-06-22T04:49:13.220843,6,331.35,5033.5,43.2,5888.4
2026-06-22T04:49:14.222503,6,402.48,5033.4,54.2,5890.7
2026-06-22T04:49:15.223942,6,205.74,5033.4,27.4,5888.2
2026-06-22T04:49:16.225422,6,306.81,5033.5,39.7,5888.0
2026-06-22T04:49:17.229041,6,209.53,5033.5,27.2,5888.0
2026-06-22T04:49:18.230567,6,403.5,5033.5,53.1,5888.0
2026-06-22T04:49:19.232089,6,320.43,5033.4,42.6,5888.4
2026-06-22T04:49:20.233565,6,270.17,5033.5,34.5,5888.2
2026-06-22T04:49:21.235013,6,153.82,5033.5,19.5,5888.2
2026-06-22T04:49:22.236195,6,410.99,5033.5,52.5,5888.2
2026-06-22T04:49:23.237638,6,377.36,5033.7,49.9,5888.1
2026-06-22T04:49:24.239174,6,239.0,5033.4,31.3,5890.1
2026-06-22T04:49:25.240620,6,185.7,5033.4,24.0,5887.7
2026-06-22T04:49:26.242088,6,370.41,5033.4,47.7,5887.8
2026-06-22T04:49:27.243578,6,400.12,5033.4,53.3,5887.8
2026-06-22T04:49:28.244158,6,366.72,5033.4,47.4,5887.8
2026-06-22T04:49:29.246812,6,194.96,5033.4,25.4,5887.7
2026-06-22T04:49:30.248567,6,404.4,5033.4,53.4,5887.5
2026-06-22T04:49:31.250032,6,353.29,5033.6,46.5,5887.5
2026-06-22T04:49:32.251458,6,274.83,5033.6,35.0,5887.2
2026-06-22T04:49:33.252187,6,286.1,5033.6,36.5,5887.2
2026-06-22T04:49:34.304537,6,404.15,5033.4,51.8,5903.9
2026-06-22T04:49:35.305908,6,250.51,5033.4,32.0,5904.0
2026-06-22T04:49:36.307265,6,308.48,5033.4,39.7,5904.5
2026-06-22T04:49:37.309181,6,165.43,5033.4,20.2,5904.5
2026-06-22T04:49:38.310652,6,400.72,5033.4,52.7,5904.5
2026-06-22T04:49:39.312089,6,347.41,5033.4,46.1,5904.5
2026-06-22T04:49:40.313538,6,249.79,5033.4,31.6,5888.2
2026-06-22T04:49:41.314899,6,176.52,5033.4,22.2,5888.2
2026-06-22T04:49:42.316172,6,387.85,5033.4,50.6,5888.2
2026-06-22T04:49:43.317752,6,398.35,5033.4,52.9,5888.2
2026-06-22T04:49:44.319120,6,165.28,5033.4,21.4,5891.7
2026-06-22T04:49:45.320480,6,294.6,5033.4,37.9,5891.7
2026-06-22T04:49:46.322633,6,235.31,5033.4,30.3,5891.9
2026-06-22T04:49:47.324170,6,403.32,5033.4,53.4,5891.9
2026-06-22T04:49:48.325662,6,385.43,5033.4,50.8,5891.9
2026-06-22T04:49:49.327021,6,223.62,5033.4,29.1,5894.6
2026-06-22T04:49:50.328151,6,334.5,5033.4,42.6,5894.9
2026-06-22T04:49:51.329617,6,401.34,5033.4,53.8,5891.0
2026-06-22T04:49:52.331167,6,375.24,5033.4,49.0,5890.8
2026-06-22T04:49:53.332611,6,150.79,5033.4,18.7,5890.8
2026-06-22T04:49:54.334086,6,407.88,5033.4,53.5,5888.7
2026-06-22T04:49:55.335554,6,386.56,5033.4,51.0,5889.1
2026-06-22T04:49:56.336995,6,328.01,5033.4,42.6,5889.4
2026-06-22T04:49:57.339383,6,182.99,5033.4,23.1,5889.8
2026-06-22T04:49:58.340195,6,405.58,5033.4,52.8,5889.8
2026-06-22T04:49:59.341789,6,364.57,5033.4,49.3,5890.8
2026-06-22T04:50:00.343225,6,316.0,5033.4,41.6,5906.8
2026-06-22T04:50:01.345515,6,220.82,5033.6,27.5,5906.9
2026-06-22T04:50:02.347625,6,400.64,5033.6,53.0,5906.9
2026-06-22T04:50:03.349164,6,311.93,5033.6,40.8,5906.9
2026-06-22T04:50:04.351900,6,227.52,5033.5,30.5,5905.8
2026-06-22T04:50:05.404360,6,373.64,5034.3,46.2,5906.5
2026-06-22T04:50:06.405803,6,219.89,5034.2,28.1,5906.5
2026-06-22T04:50:07.407341,6,321.92,5034.2,41.2,5906.5
2026-06-22T04:50:08.408830,6,157.23,5034.2,19.8,5906.6
2026-06-22T04:50:09.410280,6,276.23,5034.0,36.0,5906.4
2026-06-22T04:50:10.411777,6,255.23,5034.0,32.1,5906.5
2026-06-22T04:50:11.413205,6,170.92,5034.0,21.5,5906.6
2026-06-22T04:50:12.414643,6,329.51,5034.0,42.6,5906.6
2026-06-22T04:50:13.416124,6,195.74,5034.0,24.2,5906.6
2026-06-22T04:50:14.417560,6,235.19,5034.0,30.9,5906.5
2026-06-22T04:50:15.419056,6,296.49,5034.0,37.3,5906.5
2026-06-22T04:50:16.420188,7,225.1,5033.7,29.1,5891.5
2026-06-22T04:50:17.421597,7,194.25,5033.7,24.6,5891.3
2026-06-22T04:50:18.423085,7,362.73,5033.7,47.0,5891.4
2026-06-22T04:50:19.424402,7,402.81,5033.5,55.0,5890.8
2026-06-22T04:50:20.425828,7,188.97,5033.5,24.0,5891.1
2026-06-22T04:50:21.427273,7,308.09,5033.5,39.5,5891.3
2026-06-22T04:50:22.429297,7,239.46,5033.5,30.5,5891.3
2026-06-22T04:50:23.430854,7,400.7,5033.5,52.7,5891.3
2026-06-22T04:50:24.432300,7,265.7,5033.5,35.0,5893.5
2026-06-22T04:50:25.433248,7,267.6,5033.7,35.3,5894.1
2026-06-22T04:50:26.434711,7,158.74,5033.7,19.6,5894.1
2026-06-22T04:50:27.436162,7,396.46,5033.7,51.4,5894.1
2026-06-22T04:50:28.437571,7,392.97,5033.7,52.2,5894.3
2026-06-22T04:50:29.438944,7,330.36,5033.7,44.5,5896.1
2026-06-22T04:50:30.442494,7,194.92,5033.7,25.0,5896.4
2026-06-22T04:50:31.444037,7,404.23,5033.5,53.5,5890.6
2026-06-22T04:50:32.445397,7,343.04,5033.5,44.9,5890.5
2026-06-22T04:50:33.446861,7,204.9,5033.5,26.3,5890.8
2026-06-22T04:50:34.448232,7,201.1,5033.5,26.9,5906.8
2026-06-22T04:50:35.449599,7,328.36,5033.5,42.5,5906.8
2026-06-22T04:50:36.504480,7,427.02,5033.5,53.9,5906.8
2026-06-22T04:50:37.505866,7,190.46,5033.5,24.1,5906.8
2026-06-22T04:50:38.507237,7,301.92,5033.5,38.9,5906.8
2026-06-22T04:50:39.508084,7,137.11,5033.5,17.6,5906.2
2026-06-22T04:50:40.509558,7,404.72,5033.5,53.4,5906.2
2026-06-22T04:50:41.510924,7,394.47,5033.5,52.0,5906.2
2026-06-22T04:50:42.512180,7,180.38,5033.7,23.1,5891.7
2026-06-22T04:50:43.513562,7,229.2,5033.7,29.2,5891.4
2026-06-22T04:50:44.515357,7,322.59,5033.6,43.4,5891.1
2026-06-22T04:50:45.516323,7,404.81,5033.6,53.6,5891.2
2026-06-22T04:50:46.517877,7,385.77,5033.6,49.9,5891.3
2026-06-22T04:50:47.519327,7,153.27,5033.6,18.9,5891.3
2026-06-22T04:50:48.520181,7,401.88,5033.6,52.7,5891.3
2026-06-22T04:50:49.521725,7,390.73,5033.6,54.2,5891.6
2026-06-22T04:50:50.523166,7,339.62,5033.6,43.9,5891.3
2026-06-22T04:50:51.525331,7,212.72,5033.6,26.8,5891.3
2026-06-22T04:50:52.527102,7,401.12,5033.6,53.1,5891.3
2026-06-22T04:50:53.528583,7,364.48,5033.8,47.6,5891.3
2026-06-22T04:50:54.530021,7,275.98,5033.7,36.1,5890.6
2026-06-22T04:50:55.532481,7,301.69,5033.7,39.7,5890.5
2026-06-22T04:50:56.534059,7,402.44,5033.7,53.0,5890.6
2026-06-22T04:50:57.535569,7,374.88,5033.7,49.2,5890.6
2026-06-22T04:50:58.537433,7,355.71,5033.7,46.4,5890.6
2026-06-22T04:50:59.539012,7,400.7,5033.7,54.1,5889.5
2026-06-22T04:51:00.540302,7,376.26,5033.7,50.1,5904.6
2026-06-22T04:51:01.541737,7,203.19,5033.7,26.0,5904.9
2026-06-22T04:51:02.543216,7,338.73,5033.7,44.1,5904.9
2026-06-22T04:51:03.544325,7,408.08,5033.7,53.8,5904.9
2026-06-22T04:51:04.545868,7,380.16,5033.6,50.9,5906.9
2026-06-22T04:51:05.547335,7,150.02,5033.6,19.1,5907.3
2026-06-22T04:51:06.548189,7,401.05,5058.4,52.2,5931.7
2026-06-22T04:51:07.550423,7,400.53,5058.4,53.3,5931.9
2026-06-22T04:51:08.552039,7,157.19,5058.2,20.0,5916.5
2026-06-22T04:51:09.553482,7,267.95,5057.8,35.3,5920.1
2026-06-22T04:51:10.554994,7,281.47,5057.8,36.4,5920.3
2026-06-22T04:51:11.604679,7,411.37,5057.8,52.3,5915.8
2026-06-22T04:51:12.605850,7,377.65,5057.8,50.5,5915.7
2026-06-22T04:51:13.606747,7,185.29,5057.8,23.4,5915.7
2026-06-22T04:51:14.608140,7,375.49,5057.8,49.3,5915.7
2026-06-22T04:51:15.609718,7,400.23,5057.8,53.3,5915.7
2026-06-22T04:51:16.611514,7,162.61,5057.8,19.9,5915.7
2026-06-22T04:51:17.612904,7,295.78,5057.8,38.1,5915.4
2026-06-22T04:51:18.616280,7,265.94,5057.8,34.1,5915.3
2026-06-22T04:51:19.617905,7,402.33,5057.8,54.1,5915.2
2026-06-22T04:51:20.619372,7,376.84,5057.8,48.6,5915.3
2026-06-22T04:51:21.620716,7,195.0,5057.8,24.7,5915.3
2026-06-22T04:51:22.622147,7,372.51,5058.0,48.1,5915.3
2026-06-22T04:51:23.623602,7,399.88,5057.8,53.2,5915.3
2026-06-22T04:51:24.624244,7,342.52,5057.8,45.0,5915.2
2026-06-22T04:51:25.625658,7,165.66,5057.8,20.9,5915.2
2026-06-22T04:51:26.627152,7,397.53,5060.2,52.1,5917.4
2026-06-22T04:51:27.628213,7,400.35,5060.2,52.5,5917.4
2026-06-22T04:51:28.629571,7,151.32,5060.0,18.6,5917.5
2026-06-22T04:51:29.630934,7,275.56,5060.0,36.6,5917.6
2026-06-22T04:51:30.632227,7,277.99,5060.0,35.2,5917.7
2026-06-22T04:51:31.633986,7,401.13,5060.1,53.2,5917.7
2026-06-22T04:51:32.635373,7,258.33,5060.1,33.0,5917.7
2026-06-22T04:51:33.636233,7,307.01,5060.2,39.9,5917.7
2026-06-22T04:51:34.639189,7,138.33,5060.0,18.6,5932.7
2026-06-22T04:51:35.640189,7,421.04,5060.1,55.3,5932.7
2026-06-22T04:51:36.641593,7,375.54,5060.1,49.8,5932.2
2026-06-22T04:51:37.643157,7,200.82,5060.0,25.2,5932.5
2026-06-22T04:51:38.644573,7,212.8,5060.0,27.1,5932.5
2026-06-22T04:51:39.646023,7,327.58,5060.0,43.9,5933.5
2026-06-22T04:51:40.647536,7,419.39,5060.0,55.8,5933.8
2026-06-22T04:51:41.648934,7,184.36,5060.0,23.1,5933.8
2026-06-22T04:51:42.650369,7,312.26,5060.0,39.8,5917.5
2026-06-22T04:51:43.653233,7,247.26,5060.1,31.6,5917.5
2026-06-22T04:51:44.704543,7,411.25,5060.0,52.8,5920.2
2026-06-22T04:51:45.705905,7,277.15,5060.0,35.4,5920.3
2026-06-22T04:51:46.707463,7,295.15,5060.0,37.6,5920.0
2026-06-22T04:51:47.756410,7,159.99,5060.0,20.8,5920.3
2026-06-22T04:51:48.809088,7,433.89,5060.1,52.3,5920.3
2026-06-22T04:51:49.810795,7,398.88,5060.0,53.4,5921.8
2026-06-22T04:51:50.812157,7,299.25,5060.0,38.2,5922.0
2026-06-22T04:51:51.815165,7,259.81,5060.0,34.3,5918.3
2026-06-22T04:51:52.816194,7,404.18,5060.0,53.4,5917.8
2026-06-22T04:51:53.817557,7,239.38,5060.0,30.5,5917.8
2026-06-22T04:51:54.819076,7,312.11,5060.0,41.0,5917.8
2026-06-22T04:51:55.820250,7,155.37,5060.0,19.1,5918.1
2026-06-22T04:51:56.821733,7,409.15,5060.0,53.8,5918.1
2026-06-22T04:51:57.823421,7,400.81,5060.0,53.5,5918.4
2026-06-22T04:51:58.824895,7,324.92,5060.0,41.9,5918.4
2026-06-22T04:51:59.827420,7,215.27,5060.0,28.0,5917.5
2026-06-22T04:52:00.828519,7,402.63,5060.0,53.5,5933.6
2026-06-22T04:52:01.830036,7,380.32,5060.0,50.0,5933.9
2026-06-22T04:52:02.831482,7,252.57,5060.1,32.2,5934.4
2026-06-22T04:52:03.832179,7,304.36,5060.1,39.0,5934.4
2026-06-22T04:52:04.833889,7,404.81,5060.0,54.5,5932.7
2026-06-22T04:52:05.836865,7,339.75,5060.0,43.7,5932.9
2026-06-22T04:52:06.838383,7,361.92,5060.9,46.9,5932.9
2026-06-22T04:52:07.839880,7,277.34,5060.9,35.3,5933.0
2026-06-22T04:52:08.841498,7,284.09,5060.9,37.3,5933.0
2026-06-22T04:52:09.842983,7,153.49,5060.6,20.4,5933.0
2026-06-22T04:52:10.844402,7,322.37,5060.6,41.4,5933.0
2026-06-22T04:52:11.845911,7,215.31,5060.6,26.5,5933.0
2026-06-22T04:52:12.847362,7,216.3,5060.6,27.6,5933.0
2026-06-22T04:52:13.848879,7,324.7,5060.7,42.1,5933.0
2026-06-22T04:52:14.850390,7,153.84,5060.5,20.3,5932.5
2026-06-22T04:52:15.851906,7,276.97,5060.7,35.8,5932.5
2026-06-22T04:52:16.904945,7,280.05,5060.7,34.3,5932.5
2026-06-22T04:52:17.906800,8,198.78,5060.3,24.8,5932.5
2026-06-22T04:52:18.908220,8,272.01,5060.2,35.3,5917.6
2026-06-22T04:52:19.910935,8,285.23,5060.1,37.5,5918.7
2026-06-22T04:52:20.912293,8,403.06,5060.1,53.1,5918.7
2026-06-22T04:52:21.913725,8,218.21,5060.1,27.7,5918.7
2026-06-22T04:52:22.915157,8,330.58,5060.1,42.4,5918.7
2026-06-22T04:52:23.917066,8,171.95,5060.1,21.9,5918.7
2026-06-22T04:52:24.918610,8,402.08,5060.1,54.1,5921.4
2026-06-22T04:52:25.920161,8,343.41,5060.1,44.7,5921.5
2026-06-22T04:52:26.921592,8,332.73,5060.1,43.1,5921.5
2026-06-22T04:52:27.924333,8,180.42,5060.1,23.4,5921.5
2026-06-22T04:52:28.925868,8,403.33,5060.2,53.0,5921.5
2026-06-22T04:52:29.927294,8,335.67,5060.2,45.3,5924.2
2026-06-22T04:52:30.928193,8,252.2,5060.1,31.8,5924.3
2026-06-22T04:52:31.930726,8,157.26,5060.1,20.0,5919.6
2026-06-22T04:52:32.932198,8,394.63,5060.1,50.8,5919.7
2026-06-22T04:52:33.933787,8,400.19,5060.1,53.3,5918.7
2026-06-22T04:52:34.935608,8,176.16,5060.2,23.3,5933.2
2026-06-22T04:52:35.936126,8,287.8,5060.1,37.2,5933.2
2026-06-22T04:52:36.939415,8,258.27,5060.1,32.7,5933.7
2026-06-22T04:52:37.940196,8,403.0,5060.1,52.9,5933.7
2026-06-22T04:52:38.941559,8,265.1,5060.1,34.0,5933.8
2026-06-22T04:52:39.943067,8,281.29,5060.2,37.4,5918.3
2026-06-22T04:52:40.944166,8,150.07,5060.2,18.8,5918.3
2026-06-22T04:52:41.945672,8,413.28,5060.4,54.3,5918.3
2026-06-22T04:52:42.947110,8,381.91,5060.4,50.3,5918.3
2026-06-22T04:52:43.948173,8,176.21,5060.2,21.9,5918.3
2026-06-22T04:52:44.950380,8,371.12,5060.1,50.4,5916.9
2026-06-22T04:52:46.012529,8,404.95,5060.1,50.8,5916.9
2026-06-22T04:52:47.014162,8,286.46,5060.1,36.1,5916.9
2026-06-22T04:52:48.015702,8,279.18,5060.1,36.6,5917.2
2026-06-22T04:52:49.017188,8,156.01,5060.1,19.5,5917.2
2026-06-22T04:52:50.018689,8,408.13,5060.1,54.4,5917.6
2026-06-22T04:52:51.020285,8,400.74,5060.1,53.0,5917.5
2026-06-22T04:52:52.021802,8,181.73,5060.1,22.8,5918.0
2026-06-22T04:52:53.023217,8,231.32,5060.1,29.5,5918.0
2026-06-22T04:52:54.024154,8,326.82,5060.1,41.9,5918.0
2026-06-22T04:52:55.025644,8,400.55,5060.1,54.2,5917.0
2026-06-22T04:52:56.027120,8,381.74,5060.2,50.1,5916.6
2026-06-22T04:52:57.028583,8,166.61,5060.2,20.7,5916.5
2026-06-22T04:52:58.030070,8,396.92,5060.2,52.2,5916.6
2026-06-22T04:52:59.031663,8,398.84,5060.2,52.9,5916.6
2026-06-22T04:53:00.033036,8,314.5,5060.1,42.1,5934.4
2026-06-22T04:53:01.036797,8,216.05,5060.1,27.4,5934.2
2026-06-22T04:53:02.039129,8,402.46,5060.1,52.9,5934.1
2026-06-22T04:53:03.040537,8,295.0,5060.1,38.3,5934.1
2026-06-22T04:53:04.042000,8,269.25,5060.1,34.8,5934.4
2026-06-22T04:53:05.043458,8,163.12,5060.1,21.4,5936.6
2026-06-22T04:53:06.044167,8,401.15,5060.1,51.7,5936.7
2026-06-22T04:53:07.045573,8,396.56,5060.2,52.7,5936.7
2026-06-22T04:53:08.046944,8,345.14,5060.1,44.9,5936.5
2026-06-22T04:53:09.049106,8,192.14,5060.3,23.9,5936.5
2026-06-22T04:53:10.104328,8,407.09,5060.1,52.3,5940.7
2026-06-22T04:53:11.105700,8,283.57,5060.1,36.3,5940.7
2026-06-22T04:53:12.107160,8,273.48,5060.1,35.9,5920.5
2026-06-22T04:53:13.108248,8,177.86,5060.1,22.0,5920.6
2026-06-22T04:53:14.109739,8,387.81,5060.3,50.1,5920.6
2026-06-22T04:53:15.111200,8,400.09,5060.3,54.3,5919.9
2026-06-22T04:53:16.112168,8,174.41,5060.1,21.9,5920.1
2026-06-22T04:53:17.113585,8,235.84,5060.1,30.1,5919.9
2026-06-22T04:53:18.115710,8,326.23,5060.3,41.5,5919.9
2026-06-22T04:53:19.117384,8,403.53,5060.3,53.8,5919.9
2026-06-22T04:53:20.118949,8,398.18,5060.3,53.0,5919.9
2026-06-22T04:53:21.120495,8,152.7,5060.3,19.0,5919.9
2026-06-22T04:53:22.121949,8,412.13,5060.3,54.3,5919.9
2026-06-22T04:53:23.123410,8,395.4,5060.3,52.5,5919.9
2026-06-22T04:53:24.124116,8,321.47,5060.3,41.0,5919.9
2026-06-22T04:53:25.125528,8,234.59,5060.3,30.5,5920.7
2026-06-22T04:53:26.127366,8,404.64,5060.3,53.7,5920.5
2026-06-22T04:53:27.128808,8,307.3,5060.3,39.9,5920.5
2026-06-22T04:53:28.130353,8,252.23,5060.2,32.0,5920.5
2026-06-22T04:53:29.131907,8,152.43,5060.2,19.1,5920.5
2026-06-22T04:53:30.133431,8,392.25,5060.2,51.6,5919.6
2026-06-22T04:53:31.134998,8,394.71,5060.2,52.4,5919.6
2026-06-22T04:53:32.136131,8,175.87,5060.2,21.6,5919.7
2026-06-22T04:53:33.137492,8,277.4,5060.2,36.0,5919.7
2026-06-22T04:53:34.139179,8,281.04,5060.2,35.8,5935.9
2026-06-22T04:53:35.140253,8,403.29,5060.2,54.7,5934.7
2026-06-22T04:53:36.141618,8,227.11,5060.2,29.3,5934.9
2026-06-22T04:53:37.143086,8,328.28,5060.2,41.8,5934.9
2026-06-22T04:53:38.144915,8,157.81,5060.2,20.0,5934.9
2026-06-22T04:53:39.146436,8,412.13,5060.2,54.4,5934.9
2026-06-22T04:53:40.148061,8,381.83,5060.2,51.2,5935.8
2026-06-22T04:53:41.149503,8,290.86,5060.2,37.9,5921.1
2026-06-22T04:53:42.151499,8,261.15,5060.2,33.0,5921.1
2026-06-22T04:53:43.209275,8,404.41,5060.2,50.4,5921.1
2026-06-22T04:53:44.214933,8,383.67,5060.2,49.5,5920.8
2026-06-22T04:53:45.216181,8,190.27,5060.2,24.7,5923.5
2026-06-22T04:53:46.217622,8,359.52,5060.2,46.2,5923.6
2026-06-22T04:53:47.219138,8,396.94,5060.2,52.7,5923.6
2026-06-22T04:53:48.220512,8,369.71,5060.2,47.4,5923.4
2026-06-22T04:53:49.223592,8,174.8,5060.3,22.1,5923.4
2026-06-22T04:53:50.224166,8,401.86,5060.2,55.0,5927.1
2026-06-22T04:53:51.225528,8,335.25,5060.2,43.8,5927.0
2026-06-22T04:53:52.226993,8,199.33,5060.2,25.7,5921.3
2026-06-22T04:53:53.228362,8,223.16,5060.2,28.4,5921.3
2026-06-22T04:53:54.229947,8,332.91,5060.2,42.5,5921.3
2026-06-22T04:53:55.231574,8,406.43,5060.2,55.4,5919.7
2026-06-22T04:53:56.232293,8,374.72,5060.2,48.6,5919.7
2026-06-22T04:53:57.233777,8,161.6,5060.2,20.9,5920.0
2026-06-22T04:53:58.235277,8,402.1,5060.2,52.4,5920.0
2026-06-22T04:53:59.236151,8,394.05,5060.2,52.2,5920.0
2026-06-22T04:54:00.237590,8,337.36,5060.2,45.4,5935.4
2026-06-22T04:54:01.240469,8,197.49,5060.2,25.3,5935.4
2026-06-22T04:54:02.242007,8,404.2,5060.3,53.0,5935.4
2026-06-22T04:54:03.243427,8,332.68,5060.3,43.3,5935.4
2026-06-22T04:54:04.244312,8,257.01,5060.2,33.0,5935.4
2026-06-22T04:54:05.245742,8,155.91,5060.2,21.1,5936.1
2026-06-22T04:54:06.247211,8,395.1,5060.2,51.5,5936.1
2026-06-22T04:54:07.248144,8,402.68,5060.2,53.4,5936.1
2026-06-22T04:54:08.249516,8,137.3,5060.2,17.2,5936.2
2026-06-22T04:54:09.251082,8,378.53,5060.2,49.1,5920.2
2026-06-22T04:54:10.252445,8,328.5,5060.9,45.7,5919.8
2026-06-22T04:54:11.308119,8,252.19,5060.9,30.1,5919.8
2026-06-22T04:54:12.309707,8,183.17,5060.9,23.0,5919.8
2026-06-22T04:54:13.311077,8,327.9,5060.9,42.3,5919.9
2026-06-22T04:54:14.313766,8,193.02,5060.8,24.4,5921.3
2026-06-22T04:54:15.315202,8,233.49,5060.6,30.9,5920.3
2026-06-22T04:54:16.316203,8,314.38,5060.7,40.0,5920.3
2026-06-22T04:54:17.317723,8,158.55,5060.7,19.9,5920.2
2026-06-22T04:54:18.319170,8,284.25,5060.8,36.6,5920.2
2026-06-22T04:54:19.320371,8,254.55,5060.8,32.3,5920.1
2026-06-22T04:54:20.321822,9,193.23,5060.6,24.2,5919.7
2026-06-22T04:54:21.323253,9,275.43,5060.6,35.3,5919.7
2026-06-22T04:54:22.325352,9,273.85,5060.6,34.6,5919.8
2026-06-22T04:54:23.326875,9,400.86,5060.6,52.8,5919.8
2026-06-22T04:54:24.328162,9,265.28,5060.3,34.1,5921.8
2026-06-22T04:54:25.329626,9,301.81,5060.2,39.7,5923.4
2026-06-22T04:54:26.332222,9,160.42,5060.2,19.9,5923.4
2026-06-22T04:54:27.333749,9,404.76,5060.2,53.6,5923.5
2026-06-22T04:54:28.335885,9,376.4,5060.3,49.4,5923.5
2026-06-22T04:54:29.337250,9,293.97,5060.2,38.4,5927.0
2026-06-22T04:54:30.338877,9,276.54,5060.2,35.5,5927.0
2026-06-22T04:54:31.340203,9,407.89,5060.2,54.3,5927.0
2026-06-22T04:54:32.341658,9,386.42,5060.2,50.7,5921.3
2026-06-22T04:54:33.343013,9,189.45,5060.2,23.9,5921.6
2026-06-22T04:54:34.344141,9,369.86,5060.2,47.7,5936.4
2026-06-22T04:54:35.345693,9,403.82,5060.2,54.4,5935.4
2026-06-22T04:54:36.347057,9,366.93,5060.2,47.2,5935.4
2026-06-22T04:54:37.349695,9,172.87,5060.2,21.5,5935.4
2026-06-22T04:54:38.408822,9,407.58,5060.2,50.8,5935.5
2026-06-22T04:54:39.410283,9,399.72,5060.2,53.2,5918.7
2026-06-22T04:54:40.411634,9,274.42,5060.2,35.6,5918.3
2026-06-22T04:54:41.414431,9,261.01,5060.2,33.3,5918.3
2026-06-22T04:54:42.416122,9,402.95,5060.3,52.8,5918.3
2026-06-22T04:54:43.417585,9,382.58,5060.3,50.1,5918.3
2026-06-22T04:54:44.418940,9,199.31,5060.2,26.0,5918.7
2026-06-22T04:54:45.420150,9,360.68,5060.2,46.9,5918.6
2026-06-22T04:54:46.421691,9,398.03,5060.2,52.9,5918.6
2026-06-22T04:54:47.423050,9,173.34,5060.2,22.1,5918.6
2026-06-22T04:54:48.424405,9,310.65,5060.2,39.7,5918.6
2026-06-22T04:54:49.427709,9,242.03,5060.2,31.3,5919.1
2026-06-22T04:54:50.429437,9,403.2,5060.2,52.9,5919.4
2026-06-22T04:54:51.430818,9,258.53,5060.2,33.3,5919.4
2026-06-22T04:54:52.432208,9,321.24,5060.2,41.0,5919.4
2026-06-22T04:54:53.433653,9,142.15,5060.2,17.5,5919.5
2026-06-22T04:54:54.435145,9,416.19,5060.2,55.1,5919.3
2026-06-22T04:54:55.436201,9,395.78,5060.3,52.3,5919.5
2026-06-22T04:54:56.437650,9,327.33,5060.2,42.6,5919.5
2026-06-22T04:54:57.440258,9,220.98,5060.2,28.0,5919.5
2026-06-22T04:54:58.441811,9,403.54,5060.2,53.2,5919.5
2026-06-22T04:54:59.443271,9,354.77,5060.2,47.2,5920.9
2026-06-22T04:55:00.444699,9,268.98,5060.2,34.5,5937.0
2026-06-22T04:55:01.446126,9,297.34,5060.2,37.8,5936.9
2026-06-22T04:55:02.447745,9,418.48,5060.2,55.2,5936.9
2026-06-22T04:55:03.449283,9,388.1,5060.2,51.0,5922.1
2026-06-22T04:55:04.450755,9,154.25,5060.2,19.6,5937.2
2026-06-22T04:55:05.506867,9,400.98,5060.2,49.8,5937.8
2026-06-22T04:55:06.511489,9,402.23,5060.2,52.9,5937.8
2026-06-22T04:55:07.512267,9,342.22,5060.2,43.6,5937.8
2026-06-22T04:55:08.515079,9,204.44,5060.3,25.8,5938.0
2026-06-22T04:55:09.516513,9,403.34,5060.3,54.1,5940.7
2026-06-22T04:55:10.517969,9,292.79,5060.3,37.9,5941.2
2026-06-22T04:55:11.519481,9,284.7,5060.2,37.6,5920.8
2026-06-22T04:55:12.520990,9,156.49,5060.2,19.5,5920.9
2026-06-22T04:55:13.522459,9,401.55,5083.7,52.2,5941.3
2026-06-22T04:55:14.523953,9,399.0,5083.4,53.7,5941.6
2026-06-22T04:55:15.525567,9,156.87,5083.2,20.0,5942.3
2026-06-22T04:55:16.527008,9,271.54,5083.2,34.6,5942.3
2026-06-22T04:55:17.528167,9,304.94,5083.3,40.0,5942.3
2026-06-22T04:55:18.529700,9,401.65,5083.3,53.3,5942.3
2026-06-22T04:55:19.531189,9,371.93,5083.2,50.1,5940.9
2026-06-22T04:55:20.532613,9,162.39,5083.2,20.4,5941.0
2026-06-22T04:55:21.534065,9,391.53,5090.9,51.0,5948.4
2026-06-22T04:55:22.535562,9,399.88,5090.9,53.3,5948.7
2026-06-22T04:55:23.536141,9,346.27,5090.9,44.8,5948.7
2026-06-22T04:55:24.538230,9,158.53,5090.8,20.0,5948.8
2026-06-22T04:55:25.539787,9,404.04,5090.8,53.5,5948.7
2026-06-22T04:55:26.541195,9,384.51,5090.8,50.5,5948.9
2026-06-22T04:55:27.542656,9,170.2,5090.8,21.0,5948.9
2026-06-22T04:55:28.544092,9,236.16,5090.8,30.3,5948.8
2026-06-22T04:55:29.545566,9,311.82,5090.8,40.7,5948.9
2026-06-22T04:55:30.547095,9,403.93,5090.8,53.4,5948.9
2026-06-22T04:55:31.548612,9,372.49,5090.8,48.8,5948.9
2026-06-22T04:55:32.550047,9,154.07,5090.8,19.6,5948.9
2026-06-22T04:55:33.604274,9,405.78,5090.8,50.9,5949.0
2026-06-22T04:55:34.605648,9,388.73,5090.8,52.0,5965.7
2026-06-22T04:55:35.607166,9,184.67,5090.8,22.9,5966.0
2026-06-22T04:55:36.608531,9,240.93,5090.8,31.3,5966.0
2026-06-22T04:55:37.609979,9,319.08,5090.8,41.1,5966.0
2026-06-22T04:55:38.611631,9,400.39,5090.8,53.4,5966.0
2026-06-22T04:55:39.612151,9,353.83,5090.8,46.9,5950.8
2026-06-22T04:55:40.613509,9,177.44,5090.8,22.3,5950.5
2026-06-22T04:55:41.614942,9,378.77,5090.8,48.7,5950.6
2026-06-22T04:55:42.616153,9,402.78,5090.8,53.4,5950.5
2026-06-22T04:55:43.617514,9,367.4,5090.8,47.5,5950.5
2026-06-22T04:55:44.620330,9,172.23,5090.8,22.3,5952.5
2026-06-22T04:55:45.621838,9,404.4,5091.0,53.2,5952.5
2026-06-22T04:55:46.623193,9,359.86,5091.0,47.0,5952.8
2026-06-22T04:55:47.624187,9,210.28,5091.1,26.6,5952.9
2026-06-22T04:55:48.625554,9,195.77,5091.1,24.7,5952.9
2026-06-22T04:55:49.626973,9,356.98,5090.8,47.3,5954.4
2026-06-22T04:55:50.628229,9,402.52,5090.8,53.3,5954.9
2026-06-22T04:55:51.629589,9,173.45,5090.8,22.1,5949.4
2026-06-22T04:55:52.630943,9,309.37,5090.8,39.5,5949.4
2026-06-22T04:55:53.634176,9,245.05,5090.8,30.8,5949.4
2026-06-22T04:55:54.635896,9,400.34,5090.8,54.1,5949.8
2026-06-22T04:55:55.637383,9,398.11,5090.8,51.8,5949.7
2026-06-22T04:55:56.638748,9,225.45,5090.8,28.7,5949.7
2026-06-22T04:55:57.640139,9,318.37,5090.8,40.8,5949.7
2026-06-22T04:55:58.641637,9,414.69,5090.8,54.9,5949.7
2026-06-22T04:55:59.643010,9,217.2,5091.0,28.1,5949.2
2026-06-22T04:56:00.644381,9,305.87,5090.8,40.4,5966.5
2026-06-22T04:56:01.647652,9,216.44,5091.0,27.4,5966.8
2026-06-22T04:56:02.710243,9,407.79,5091.0,50.6,5966.7
2026-06-22T04:56:03.711924,9,311.3,5091.0,40.3,5966.7
2026-06-22T04:56:04.713460,9,262.78,5090.9,34.9,5965.8
2026-06-22T04:56:05.714942,9,164.57,5090.9,20.5,5966.1
2026-06-22T04:56:06.716205,9,395.2,5090.9,51.2,5966.1
2026-06-22T04:56:07.717693,9,397.75,5090.9,52.8,5966.1
2026-06-22T04:56:08.720012,9,337.77,5090.9,44.0,5950.1
2026-06-22T04:56:09.721563,9,360.32,5091.3,47.5,5950.1
2026-06-22T04:56:10.722961,9,160.74,5091.3,20.2,5950.3
2026-06-22T04:56:11.724323,9,327.32,5091.3,42.3,5950.3
2026-06-22T04:56:12.725804,9,200.73,5091.3,24.7,5950.3
2026-06-22T04:56:13.727179,9,227.79,5091.3,29.0,5950.3
2026-06-22T04:56:14.728222,9,320.42,5091.3,42.2,5952.0
2026-06-22T04:56:15.729672,9,136.12,5091.2,16.7,5952.1
2026-06-22T04:56:16.731097,9,300.06,5091.2,38.1,5952.1
2026-06-22T04:56:17.732220,9,248.18,5091.2,31.8,5952.1
2026-06-22T04:56:18.733650,9,177.66,5091.3,22.5,5952.2
2026-06-22T04:56:19.735088,9,308.32,5091.3,40.3,5952.4
2026-06-22T04:56:20.736182,10,263.3,5091.1,34.1,5951.4
2026-06-22T04:56:21.737612,10,156.73,5091.1,19.7,5951.4
2026-06-22T04:56:22.739115,10,396.07,5091.1,50.5,5951.4
2026-06-22T04:56:23.740219,10,399.36,5091.1,53.0,5951.4
2026-06-22T04:56:24.741654,10,348.98,5091.4,46.5,5952.9
2026-06-22T04:56:25.743092,10,340.73,5091.4,44.7,5953.2
2026-06-22T04:56:26.744288,10,408.28,5091.4,54.1,5953.2
2026-06-22T04:56:27.745666,10,159.94,5091.4,20.2,5953.2
2026-06-22T04:56:28.747024,10,326.42,5091.5,42.3,5953.1
2026-06-22T04:56:29.750198,10,226.81,5091.5,29.8,5955.7
2026-06-22T04:56:30.804357,10,405.25,5091.5,50.9,5955.7
2026-06-22T04:56:31.805720,10,277.03,5091.5,36.0,5951.7
2026-06-22T04:56:32.807168,10,276.65,5091.5,35.7,5951.8
2026-06-22T04:56:33.808517,10,171.02,5091.5,21.1,5951.7
2026-06-22T04:56:34.809942,10,396.55,5091.5,53.0,5968.2
2026-06-22T04:56:35.811294,10,394.89,5091.5,51.7,5968.5
2026-06-22T04:56:36.812217,10,178.33,5091.4,22.9,5968.5
2026-06-22T04:56:37.813580,10,228.01,5091.4,29.1,5968.5
2026-06-22T04:56:38.815088,10,321.43,5091.4,41.6,5968.5
2026-06-22T04:56:39.816211,10,406.04,5091.4,54.5,5969.5
2026-06-22T04:56:40.817751,10,371.01,5091.4,47.8,5953.8
2026-06-22T04:56:41.819229,10,158.97,5091.6,20.1,5954.0
2026-06-22T04:56:42.820212,10,391.88,5091.6,50.9,5954.0
2026-06-22T04:56:43.821628,10,395.45,5091.6,52.3,5953.9
2026-06-22T04:56:44.822983,10,353.57,5091.4,46.8,5952.7
2026-06-22T04:56:45.826237,10,182.47,5091.4,23.6,5952.3
2026-06-22T04:56:46.827804,10,400.43,5091.4,53.3,5952.3
2026-06-22T04:56:47.829167,10,323.21,5091.4,42.0,5952.3
2026-06-22T04:56:48.830632,10,233.08,5091.4,29.4,5952.8
2026-06-22T04:56:49.832009,10,192.69,5091.4,25.0,5952.2
2026-06-22T04:56:50.833442,10,364.44,5091.6,47.3,5952.8
2026-06-22T04:56:51.835023,10,400.34,5091.6,53.2,5952.8
2026-06-22T04:56:52.836190,10,374.21,5091.6,48.9,5952.8
2026-06-22T04:56:53.838657,10,158.13,5091.6,20.7,5952.8
2026-06-22T04:56:54.840166,10,410.28,5091.4,54.5,5952.1
2026-06-22T04:56:55.841618,10,372.02,5091.4,49.0,5952.1
2026-06-22T04:56:56.843101,10,202.06,5091.4,25.4,5951.9
2026-06-22T04:56:57.844554,10,205.01,5091.4,26.1,5951.9
2026-06-22T04:56:58.846018,10,332.16,5091.4,42.6,5951.9
2026-06-22T04:56:59.847545,10,410.52,5091.4,56.0,5952.1
2026-06-22T04:57:00.848967,10,173.45,5091.4,22.2,5968.2
2026-06-22T04:57:01.850396,10,306.7,5091.4,39.2,5968.0
2026-06-22T04:57:02.851932,10,259.99,5091.4,33.0,5968.0
2026-06-22T04:57:03.904435,10,405.44,5091.4,50.8,5967.8
2026-06-22T04:57:04.905864,10,262.64,5091.4,34.3,5970.2
2026-06-22T04:57:05.907340,10,304.61,5091.4,38.9,5970.7
2026-06-22T04:57:06.909154,10,150.51,5091.4,19.3,5971.0
2026-06-22T04:57:07.910665,10,402.09,5091.6,52.6,5971.0
2026-06-22T04:57:08.912069,10,397.09,5091.6,52.2,5971.0
2026-06-22T04:57:09.913506,10,143.34,5091.4,18.7,5958.1
2026-06-22T04:57:10.914866,10,263.47,5091.4,33.9,5958.1
2026-06-22T04:57:11.916179,10,298.61,5091.4,39.2,5952.6
2026-06-22T04:57:12.917868,10,399.91,5091.4,53.0,5952.6
2026-06-22T04:57:13.919337,10,378.78,5091.4,49.4,5952.7
2026-06-22T04:57:14.920692,10,171.76,5091.4,22.2,5952.9
2026-06-22T04:57:15.922118,10,385.76,5091.4,50.8,5953.5
2026-06-22T04:57:16.923693,10,398.99,5091.4,53.1,5953.4
2026-06-22T04:57:17.924142,10,177.62,5091.4,22.9,5953.5
2026-06-22T04:57:18.925508,10,299.15,5091.4,38.4,5953.5
2026-06-22T04:57:19.926881,10,233.67,5091.4,29.8,5953.2
2026-06-22T04:57:20.928209,10,409.91,5091.6,54.5,5953.2
2026-06-22T04:57:21.929576,10,277.24,5091.7,35.5,5953.2
2026-06-22T04:57:22.931084,10,289.5,5091.7,36.9,5953.2
2026-06-22T04:57:23.932516,10,162.85,5091.7,20.5,5953.2
2026-06-22T04:57:24.934031,10,404.73,5091.5,54.8,5952.8
2026-06-22T04:57:25.935430,10,396.19,5091.6,52.5,5952.8
2026-06-22T04:57:26.936154,10,187.38,5091.6,24.1,5952.9
2026-06-22T04:57:27.937511,10,219.45,5091.6,28.0,5953.1
2026-06-22T04:57:28.938939,10,331.9,5091.6,42.8,5953.1
2026-06-22T04:57:29.940175,10,407.74,5091.5,54.8,5952.6
2026-06-22T04:57:30.941677,10,395.76,5091.5,52.2,5952.8
2026-06-22T04:57:31.943917,10,137.6,5091.5,17.3,5952.8
2026-06-22T04:57:32.945466,10,421.57,5091.5,55.6,5952.8
2026-06-22T04:57:33.946897,10,368.88,5091.5,48.4,5952.8
2026-06-22T04:57:34.948190,10,181.6,5091.5,23.8,5969.6
2026-06-22T04:57:35.949603,10,250.1,5091.5,32.2,5969.7
2026-06-22T04:57:36.951087,10,311.19,5091.5,39.5,5969.7
2026-06-22T04:57:38.004383,10,412.86,5091.5,51.8,5969.7
2026-06-22T04:57:39.005748,10,224.66,5091.5,28.6,5969.7
2026-06-22T04:57:40.007213,10,309.22,5091.5,40.7,5954.2
2026-06-22T04:57:41.008099,10,154.56,5091.5,19.0,5954.2
2026-06-22T04:57:42.009521,10,405.14,5091.5,53.2,5954.4
2026-06-22T04:57:43.010910,10,395.64,5091.6,52.4,5954.5
2026-06-22T04:57:44.012274,10,154.86,5091.6,19.6,5954.2
2026-06-22T04:57:45.013635,10,275.92,5091.5,36.8,5957.0
2026-06-22T04:57:46.017475,10,283.99,5091.5,36.9,5957.0
2026-06-22T04:57:47.019103,10,402.83,5091.5,53.0,5957.0
2026-06-22T04:57:48.020462,10,280.13,5091.6,36.0,5957.0
2026-06-22T04:57:49.021997,10,276.47,5091.6,34.7,5957.0
2026-06-22T04:57:50.023442,10,156.81,5091.5,20.3,5960.2
2026-06-22T04:57:51.024214,10,400.13,5091.5,51.1,5960.2
2026-06-22T04:57:52.025656,10,398.5,5091.5,53.4,5953.8
2026-06-22T04:57:53.027083,10,171.65,5091.5,22.1,5953.8
2026-06-22T04:57:54.028468,10,276.51,5091.6,35.1,5953.8
2026-06-22T04:57:55.031974,10,268.13,5091.5,35.2,5953.3
2026-06-22T04:57:56.033445,10,403.25,5091.5,52.6,5953.3
2026-06-22T04:57:57.034799,10,276.62,5091.5,35.5,5953.4
2026-06-22T04:57:58.036209,10,307.77,5091.5,39.9,5953.3
2026-06-22T04:57:59.038902,10,151.57,5091.5,18.4,5953.7
2026-06-22T04:58:00.040245,10,411.65,5091.5,55.5,5969.0
2026-06-22T04:58:01.041666,10,385.81,5091.6,51.2,5969.0
2026-06-22T04:58:02.043118,10,308.8,5091.5,40.8,5969.0
2026-06-22T04:58:03.045324,10,229.02,5091.5,29.8,5969.2
2026-06-22T04:58:04.046888,10,400.16,5091.5,53.3,5969.5
2026-06-22T04:58:05.048193,10,359.96,5091.5,49.2,5969.5
2026-06-22T04:58:06.049636,10,271.82,5091.5,34.7,5969.7
2026-06-22T04:58:07.051131,10,304.5,5091.5,39.1,5969.7
2026-06-22T04:58:08.104359,10,413.84,5091.5,51.6,5969.8
2026-06-22T04:58:09.105926,10,378.35,5091.5,49.4,5953.8
2026-06-22T04:58:10.107359,10,170.7,5091.5,22.3,5953.6
2026-06-22T04:58:11.108179,10,384.07,5091.5,49.8,5953.4
2026-06-22T04:58:12.109657,10,398.57,5091.5,52.9,5953.4
2026-06-22T04:58:13.111276,10,194.32,5091.5,24.3,5953.4
2026-06-22T04:58:14.112126,10,354.2,5091.5,45.8,5953.2
2026-06-22T04:58:15.113562,10,313.65,5092.1,41.1,5952.8
2026-06-22T04:58:16.115049,10,193.58,5092.1,25.3,5952.8
2026-06-22T04:58:17.116063,10,237.14,5092.1,30.3,5952.8
2026-06-22T04:58:18.117418,10,331.18,5092.1,42.5,5952.9
2026-06-22T04:58:19.118876,10,196.98,5092.1,25.4,5952.8
2026-06-22T04:58:20.120256,10,234.68,5092.0,31.0,5953.8
2026-06-22T04:58:21.121733,10,315.01,5092.3,41.3,5953.6
2026-06-22T04:58:22.123212,10,161.47,5092.3,20.3,5953.6
2026-06-22T04:58:23.124117,10,287.96,5092.3,36.9,5953.6
2026-06-22T04:58:24.125734,10,269.55,5092.2,35.0,5953.6
2026-06-22T04:58:25.127522,10,165.75,5247.9,21.4,6111.4
2026-06-22T04:58:26.128952,10,302.57,5006.9,38.9,5870.3
2026-06-22T04:58:27.130439,10,233.47,5013.2,30.4,5875.5
2026-06-22T04:58:28.131982,10,193.31,5013.0,24.5,5875.4
2026-06-22T04:58:29.133435,10,330.12,5013.7,43.2,5875.7
2026-06-22T04:58:30.134883,10,155.29,5013.7,20.7,5879.7
2026-06-22T04:58:31.136110,10,277.09,5013.8,35.7,5879.7
2026-06-22T04:58:32.137607,10,295.55,5014.3,38.5,5874.2
2026-06-22T04:58:33.139165,10,156.73,5014.1,19.6,5874.5
2026-06-22T04:58:34.140608,10,309.67,5014.3,39.7,5890.5
2026-06-22T04:58:35.142088,10,247.1,5014.7,33.1,5891.0
2026-06-22T04:58:36.143513,10,178.89,5014.6,22.6,5891.2
2026-06-22T04:58:37.144267,10,325.46,5015.0,41.6,5891.5
2026-06-22T04:58:38.145766,10,206.87,5015.1,25.4,5876.4
2026-06-22T04:58:39.147169,10,150.67,5015.6,20.2,5877.2
2026-06-22T04:58:40.148566,10,44.1,947.1,7.9,1809.0
